	_id	topicCategory
2	IRCT20120215009014N355	[treatment]
5	NCT04432298	[treatment]
7	NCT04337996	[diagnosis]
8	EUCTR2020-001497-30-FR	[treatment]
9	NCT04341038	[treatment]
10	NCT04475081	[prevention,treatment]
11	EUCTR2020-001327-13-AT	[treatment]
14	NCT04420182	[treatment]
17	NCT04453475	[behavioral,treatment]
20	CTRI/2020/04/024949	[treatment]
21	DRKS00021588	[behavioral]
24	NCT04403100	[treatment]
25	NCT04417673	[behavioral]
26	NCT04359316	[treatment]
30	NCT04345549	[treatment]
31	ChiCTR2000029578	[treatment]
32	NCT04340349	[prevention]
33	NCT04331366	[treatment]
34	NCT04499313	[treatment]
35	NCT04406194	[treatment]
38	NCT04371302	[behavioral]
39	NCT04360486	[treatment]
41	NCT04422275	[treatment]
42	NCT04366050	[treatment]
43	ChiCTR2000030939	[treatment]
44	NCT04445311	[treatment]
47	NCT04447469	[treatment]
50	EUCTR2020-001662-11-DE	[treatment]
52	NCT04416919	[prevention]
53	NCT04500626	[treatment]
54	NCT04467918	[treatment]
56	ChiCTR2000029853	[treatment]
57	CTRI/2020/05/025277	[treatment]
58	NCT04353180	[treatment]
59	NCT04333914	[treatment]
61	NCT04157296	[behavioral,treatment]
62	EUCTR2020-001640-26-GB	[treatment]
65	ChiCTR2000030254	[treatment]
68	NCT04367168	[treatment]
69	NCT04401046	[behavioral]
72	ChiCTR2000029765	[treatment]
73	EUCTR2020-001335-28-DE	[treatment]
74	CTRI/2020/05/025328	[treatment]
77	NCT04516837	[treatment]
78	PER-013-20	[treatment]
79	KCT0005105	[treatment]
80	NCT04338945	[behavioral]
81	NCT04362319	[behavioral]
82	NCT04437342	[behavioral]
84	NCT04421508	[treatment]
88	NCT04285190	[treatment]
89	ChiCTR2000032314	[treatment]
92	EUCTR2020-001759-42-GB	[treatment]
97	NCT04510233	[treatment]
98	NCT02517489	[treatment]
99	NCT03323463	[treatment]
100	NCT04412772	[treatment]
102	NCT04273646	[treatment]
103	NCT04477668	[treatment]
104	IRCT20200421047155N1	[treatment]
105	NCT04335084	[prevention]
107	NCT04370886	[behavioral]
110	NCT04498325	[treatment]
113	ChiCTR2000030039	[treatment]
114	ChiCTR2000030472	[treatment]
116	TCTR20200601002	[behavioral]
119	NCT04395456	[treatment]
120	NCT04376593	[diagnosis]
121	EUCTR2020-001301-23-FR	[treatment]
122	NCT04379037	[behavioral,treatment]
124	NCT04473118	[behavioral]
128	NCT04428099	[behavioral,treatment]
131	ChiCTR2000032767	[treatment]
132	NCT04479332	[treatment]
134	NCT04328961	[prevention]
137	NCT04392219	[treatment]
144	CTRI/2020/06/026119	[treatment]
147	NCT04460534	[diagnosis]
149	NCT04411602	[treatment]
150	NCT04435314	[prevention]
151	NCT04496713	[treatment]
152	NCT03261050	[behavioral]
154	NCT04473690	[prevention]
156	NCT04505592	[treatment]
161	EUCTR2020-002166-13-ES	[treatment]
162	ACTRN12620000457943	[treatment]
164	NCT04495842	[behavioral,treatment]
166	NCT04449627	[treatment]
167	NCT04366908	[treatment]
169	NCT04321278	[treatment]
170	NCT04330586	[treatment]
174	ChiCTR2000032237	[treatment]
176	ChiCTR2000029381	[treatment]
177	NCT04315948	[treatment]
178	NCT04418518	[treatment]
179	NCT04432272	[treatment]
180	NCT04359264	[prevention]
183	ISRCTN13455972	[treatment]
184	ChiCTR2000030487	[treatment]
185	NCT04453553	[diagnosis]
186	NCT04329611	[treatment]
187	ChiCTR2000030016	[treatment]
189	NCT04348500	[treatment]
190	NCT04421391	[treatment]
194	NCT04321928	[behavioral,prevention]
195	NCT04336332	[treatment]
199	NCT04510194	[treatment]
200	NCT04251871	[treatment]
201	NCT04373109	[behavioral]
202	NCT04361435	[treatment]
203	NCT04494204	[treatment]
204	NCT04389333	[prevention]
205	NCT04405102	[treatment]
206	NCT04410835	[behavioral]
207	NCT04401423	[treatment]
210	NCT04418206	[prevention]
211	NCT04516954	[treatment]
215	NCT04483635	[prevention]
216	ChiCTR2000030490	[treatment]
221	NCT04391829	[diagnosis]
222	NCT04424212	[behavioral,treatment]
223	NCT04361942	[treatment]
224	NCT04487639	[diagnosis]
227	NCT04376684	[treatment]
228	NCT04390503	[treatment]
229	IRCT20200408046988N1	[treatment]
230	NCT04338009	[treatment]
231	NCT04384900	[treatment]
232	CTRI/2020/04/024948	[treatment]
234	ChiCTR2000030138	[treatment]
239	NCT04394403	[behavioral,treatment]
240	NCT04461925	[treatment]
241	ChiCTR2000030906	[prevention,treatment]
242	NCT04410549	[diagnosis]
244	NCT04387240	[treatment]
246	IRCT20200419047128N1	[treatment]
249	NCT04377802	[prevention]
250	NCT04392778	[treatment]
255	NCT04365361	[behavioral]
257	RBR-949z6v	[treatment]
258	NCT04375657	[treatment]
260	NCT04326075	[treatment]
262	NCT04471519	[prevention,treatment]
264	NCT03305341	[treatment]
265	NCT04456452	[treatment]
266	NCT04459325	[behavioral,treatment]
269	JPRN-JapicCTI-205270	[treatment]
272	NCT04460651	[treatment]
273	ChiCTR2000029387	[treatment]
275	NCT04425915	[treatment]
276	NCT04343144	[treatment]
277	NCT04395144	[behavioral,treatment]
278	NCT04447235	[treatment]
279	ChiCTR2000029826	[treatment]
281	ISRCTN14326006	[prevention]
282	NCT04363788	[prevention]
284	NCT04336410	[prevention,treatment]
286	NCT04494646	[treatment]
291	NCT04500600	[behavioral]
293	NCT04370938	[behavioral]
294	NCT04340414	[treatment]
295	ISRCTN15281137	[treatment]
296	NCT04374591	[treatment]
297	JPRN-jRCTs031190226	[treatment]
298	ACTRN12620000740998	[treatment]
299	NL8551	[treatment]
300	JPRN-jRCTs031200026	[treatment]
302	ChiCTR2000029762	[treatment]
303	NCT04411446	[treatment]
304	NCT04495543	[behavioral,prevention]
305	IRCT20150303021315N17	[treatment]
306	NCT04451889	[diagnosis]
311	NCT04418128	[treatment]
312	IRCT20130917014693N10	[treatment]
314	EUCTR2020-001614-38-BE	[treatment]
315	CTRI/2020/07/026337	[treatment]
316	NCT04382040	[treatment]
319	NCT04328467	[treatment]
321	CTRI/2020/06/025768	[treatment]
322	EUCTR2020-001671-32-ES	[treatment]
329	NCT04347382	[treatment]
330	EUCTR2020-001886-35-GB	[treatment]
331	ChiCTR2000029656	[treatment]
333	NCT04468087	[treatment]
335	NCT04452487	[behavioral]
338	NCT04458298	[behavioral,treatment]
339	NCT04465604	[treatment]
344	NCT04323228	[treatment]
345	NCT04362176	[treatment]
346	EUCTR2020-001909-22-FR	[treatment]
347	NCT04476667	[behavioral,treatment]
348	IRCT20200422047168N1	[treatment]
349	NCT04350931	[prevention]
350	EUCTR2020-001390-76-IT	[treatment]
351	NCT04425733	[treatment]
352	NCT04413838	[treatment]
354	NCT04313322	[treatment]
355	NCT04325633	[treatment]
358	NCT04376788	[treatment]
359	NCT04329923	[treatment]
360	ChiCTR2000029954	[treatment]
362	NCT04347954	[treatment]
366	NCT04380961	[treatment]
367	NCT04360837	[diagnosis]
368	NCT04358549	[treatment]
370	NCT04483830	[treatment]
371	EUCTR2020-002449-41-ES	[treatment]
372	ChiCTR2000030089	[treatment]
374	IRCT20120225009124N4	[treatment]
375	ACTRN12620000588998	[treatment]
378	NCT04493359	[treatment]
382	EUCTR2020-001673-75-FR	[treatment]
387	EUCTR2020-001442-19-ES	[treatment]
388	ChiCTR2000031734	[treatment]
389	NCT04327401	[treatment]
391	IRCT20080901001165N52	[treatment]
393	NCT04445285	[treatment]
394	NCT04357860	[treatment]
397	CTRI/2020/05/025275	[treatment]
405	NCT04390139	[treatment]
406	NCT04414098	[treatment]
407	ChiCTR2000029972	[treatment]
411	NCT04335032	[treatment]
416	NCT04488575	[treatment]
417	ChiCTR2000030388	[treatment]
421	NCT04380688	[treatment]
423	NCT04509973	[treatment]
426	NCT04509947	[prevention,treatment]
427	NCT04431297	[treatment]
428	NCT04374422	[behavioral]
432	NCT04335552	[treatment]
435	NCT04372628	[treatment]
436	EUCTR2020-001606-33-ES	[treatment]
437	ChiCTR2000030034	[treatment]
439	IRCT20200317046797N2	[treatment]
442	NCT04393727	[treatment]
447	NCT04346953	[behavioral,prevention]
448	NCT04466800	[treatment]
449	ChiCTR2000033049	[treatment]
450	ChiCTR2000030187	[treatment]
453	EUCTR2020-001501-24-IT	[treatment]
454	NCT03684980	[treatment]
456	NCT04349631	[prevention,treatment]
463	NCT04333472	[treatment]
465	NCT04411433	[treatment]
468	NCT04504734	[treatment]
469	NCT04264533	[treatment]
476	NCT04475562	[diagnosis]
479	IRCT20200624047908N1	[treatment]
480	NCT04354428	[treatment]
481	NCT04355936	[treatment]
482	NCT04381884	[treatment]
484	NCT04382547	[treatment]
485	NCT04380376	[treatment]
486	CTRI/2020/04/024883	[treatment]
487	PER-018-20	[treatment]
491	ChiCTR2000029996	[treatment]
492	NCT04394377	[treatment]
493	ChiCTR2000029572	[treatment]
494	NCT03651622	[behavioral,treatment]
495	ChiCTR2000030962	[treatment]
499	ChiCTR2000030118	[treatment]
501	NCT04427813	[behavioral]
502	CTRI/2020/05/025222	[treatment]
504	IRCT20100228003449N28	[treatment]
508	NCT04365101	[treatment]
509	NCT04435184	[treatment]
512	NCT04341610	[treatment]
513	NCT04448028	[prevention]
514	NCT04432324	[treatment]
515	ChiCTR2000029606	[treatment]
516	NCT04364022	[prevention]
518	NCT04456062	[treatment]
519	NCT04321993	[treatment]
520	NCT04405908	[prevention]
521	NCT04426305	[treatment]
523	ChiCTR2000030535	[treatment]
524	NCT04386239	[treatment]
526	NCT04477954	[treatment]
529	NCT04466540	[treatment]
530	NCT04263402	[treatment]
531	NCT04475107	[treatment]
533	CTRI/2020/05/025434	[treatment]
535	NL8726	[treatment]
536	NCT04344561	[treatment]
537	NCT04484207	[behavioral]
538	NCT04385238	[behavioral]
539	NCT04354597	[prevention]
541	NCT04478071	[treatment]
544	NCT04450004	[prevention]
545	NCT04438837	[prevention]
547	NCT04370821	[behavioral]
548	ChiCTR2000030996	[treatment]
550	NCT04487574	[treatment]
551	NCT04468971	[treatment]
558	ChiCTR2000031174	[treatment]
559	NCT04470622	[treatment]
560	IRCT20200518047497N2	[treatment]
561	NCT04460014	[behavioral,prevention]
562	ChiCTR2000029621	[treatment]
565	PACTR202006922165132	[treatment]
568	NCT04374149	[treatment]
569	NCT04384445	[treatment]
570	ChiCTR2000029818	[treatment]
573	NCT04354870	[treatment]
575	ChiCTR2000030469	[treatment]
577	NCT04466280	[prevention]
582	ACTRN12620000517976	[treatment]
584	NCT04279197	[treatment]
585	ChiCTR2000029755	[treatment]
587	NCT04407689	[treatment]
589	ChiCTR2000029573	[treatment]
594	NCT04346277	[treatment]
595	NCT04343794	[diagnosis]
596	EUCTR2020-001431-27-DE	[treatment]
598	ChiCTR2000029589	[treatment]
600	NCT04357613	[treatment]
601	NCT04334980	[prevention]
602	NCT04357106	[treatment]
605	NCT04409522	[treatment]
607	NCT04359329	[treatment]
608	EUCTR2020-001736-95-GB	[treatment]
609	NCT04448405	[behavioral]
610	NCT04377334	[treatment]
611	NCT04470427	[prevention,treatment]
613	NCT04355247	[prevention]
614	NCT04361552	[treatment]
615	NCT04308668	[treatment]
616	ChiCTR2000030027	[treatment]
617	NCT04426006	[prevention]
618	IRCT20200411047016N1	[treatment]
619	NCT04369378	[behavioral,treatment]
620	NCT04375124	[treatment]
621	EUCTR2020-001678-31-FR	[treatment]
624	ChiCTR2000032313	[treatment]
625	NCT04447781	[prevention]
629	IRCT20200508047346N1	[treatment]
630	ChiCTR2000029400	[treatment]
633	CTRI/2020/05/025385	[treatment]
634	NCT04269525	[prevention]
635	IRCT20100228003449N27	[treatment]
636	CTRI/2020/04/024706	[treatment]
637	CTRI/2020/05/024969	[treatment]
638	ChiCTR2000030857	[treatment]
639	NCT04390152	[treatment]
640	NCT04367857	[behavioral]
641	NCT04339660	[treatment]
642	NCT04381988	[prevention]
645	NCT04407286	[treatment]
648	ChiCTR2000030165	[treatment]
650	NCT03922334	[behavioral,treatment]
651	NCT04353037	[treatment]
653	NCT04368377	[treatment]
654	NCT04441398	[treatment]
655	NCT04302519	[treatment]
657	IRCT20200401046909N2	[treatment]
662	CTRI/2020/05/025319	[treatment]
665	ChiCTR2000029803	[treatment]
668	NCT04443075	[behavioral]
669	NCT04367363	[behavioral]
671	NCT04356677	[treatment]
672	NCT04422509	[treatment]
673	IRCT20200325046860N1	[treatment]
674	NCT04395430	[behavioral,treatment]
677	CTRI/2020/05/025209	[treatment]
678	NCT04368156	[treatment]
680	NCT03276559	[treatment]
681	ChiCTR2000029432	[treatment]
682	NCT04384965	[behavioral,treatment]
683	NCT04462757	[treatment]
685	IRCT20150914024017N1	[treatment]
687	NCT04379453	[treatment]
688	ChiCTR2000033056	[treatment]
690	NCT04440098	[behavioral]
691	IRCT20180725040596N2	[treatment]
692	EUCTR2020-001795-15-IT	[treatment]
694	NCT04342663	[treatment]
695	NCT04299711	[behavioral]
696	NCT04334967	[treatment]
699	JPRN-UMIN000040407	[treatment]
700	NCT04323800	[treatment]
701	NCT04436471	[prevention,treatment]
702	NCT04446429	[treatment]
704	ChiCTR2000029600	[treatment]
705	NCT03808922	[treatment]
708	NCT04359537	[prevention]
711	IRCT20150107020592N27	[treatment]
714	NCT04252664	[treatment]
716	NCT04487873	[behavioral]
717	NCT04379479	[treatment]
720	NCT04333225	[prevention]
724	CTRI/2020/06/025762	[treatment]
725	NCT04382729	[treatment]
726	NCT04407000	[treatment]
727	NCT04421534	[treatment]
728	CTRI/2020/07/026354	[treatment]
730	NCT04331795	[treatment]
733	NCT03944447	[treatment]
734	NCT04432948	[behavioral]
737	NCT04406246	[treatment]
738	NCT04400279	[behavioral,prevention]
739	NCT04403581	[behavioral]
742	NCT04394039	[behavioral,treatment]
743	NCT04342182	[treatment]
745	NCT04473274	[treatment]
746	NCT04362111	[treatment]
747	NCT04366297	[prevention,treatment]
749	JPRN-jRCTs051200036	[treatment]
750	NCT04501965	[treatment]
751	NCT04340544	[treatment]
752	NCT04328285	[prevention]
753	NCT04338126	[treatment]
762	EUCTR2020-001603-16-ES	[treatment]
763	NCT04426201	[treatment]
767	NCT04491292	[behavioral]
768	NCT04344184	[treatment]
770	NCT04387955	[diagnosis]
775	CTRI/2020/06/025527	[treatment]
777	IRCT20080901001165N49	[treatment]
778	NCT04508075	[prevention,treatment]
779	ChiCTR2000031454	[treatment]
781	RBR-9d8z6m	[treatment]
782	NCT04348929	[behavioral]
783	IRCT20200405046960N2	[treatment]
786	NCT04456088	[treatment]
789	NCT04380532	[treatment]
790	NCT04456049	[treatment]
791	ACTRN12620000566932	[treatment]
792	NCT04373096	[prevention]
793	NCT04339712	[treatment]
797	NCT04422678	[treatment]
798	NCT04371250	[behavioral]
799	NCT04363853	[treatment]
801	NCT04308317	[treatment]
802	NCT04439071	[treatment]
803	NCT04467047	[treatment]
804	NCT04345614	[treatment]
805	NCT04344587	[treatment]
806	ChiCTR2000034780	[prevention,treatment]
807	NCT04494867	[treatment]
812	ChiCTR2000029780	[treatment]
814	CTRI/2020/06/025625	[treatment]
815	EUCTR2020-001275-32-DK	[treatment]
816	CTRI/2020/05/025341	[treatment]
817	EUCTR2020-002037-15-ES	[treatment]
819	NCT04344379	[prevention]
823	NCT04468581	[behavioral]
826	NCT04408183	[prevention]
831	NCT04376515	[behavioral,treatment]
833	EUCTR2020-001188-96-FR	[prevention]
834	NCT04476940	[behavioral,prevention]
836	NCT04381338	[treatment]
837	NCT04370223	[treatment]
838	CTRI/2020/05/025049	[treatment]
839	NCT04397510	[treatment]
840	NCT04359797	[treatment]
841	NCT04351919	[treatment]
845	NCT04466670	[treatment]
846	NCT04366960	[treatment]
847	IRCT20170922036314N4	[treatment]
855	IRCT20200323046841N1	[treatment]
856	NCT04452474	[treatment]
861	NCT04312009	[treatment]
863	NCT04333368	[behavioral,treatment]
864	NCT04385199	[treatment]
865	NCT04486404	[behavioral]
866	NCT04347538	[treatment]
867	EUCTR2020-001437-12-ES	[treatment]
868	NCT04364594	[diagnosis]
873	NCT04364737	[treatment]
874	IRCT20170731035423N2	[treatment]
878	NCT04414267	[prevention]
880	ChiCTR2000030255	[treatment]
881	NCT04491071	[behavioral]
882	NCT04295551	[treatment]
884	NCT04371523	[prevention]
889	NCT04501783	[treatment]
891	IRCT20190804044429N1	[treatment]
892	ChiCTR2000029638	[treatment]
893	EUCTR2020-002106-68-GB	[treatment]
897	NCT04410536	[treatment]
899	NCT04419025	[behavioral,treatment]
900	NCT04377646	[prevention]
905	NCT04346147	[treatment]
906	EUCTR2020-001364-29-ES	[treatment]
907	NCT04385797	[behavioral]
909	EUCTR2020-001391-15-IE	[treatment]
910	NCT04480411	[behavioral]
912	NCT04352634	[behavioral]
913	NCT04365231	[behavioral,treatment]
914	NCT04377750	[treatment]
915	NCT04363463	[treatment]
916	ChiCTR2000031430	[treatment]
917	NCT04480593	[treatment]
921	CTRI/2020/06/025575	[treatment]
922	ChiCTR2000030381	[treatment]
924	NCT03013998	[treatment]
925	PACTR202005622389003	[treatment]
928	NCT04409496	[behavioral,prevention,treatment]
930	NCT04338802	[treatment]
931	NCT04444986	[treatment]
934	NCT04506515	[behavioral]
935	NCT04369599	[treatment]
936	NCT04329195	[treatment]
937	NCT04407182	[treatment]
940	IRCT20180923041093N4	[treatment]
942	NCT04374786	[treatment]
943	NCT04458948	[treatment]
944	NCT04391127	[treatment]
948	IRCT20130812014333N145	[treatment]
949	IRCT20200128046294N2	[treatment]
950	ChiCTR2000030265	[treatment]
951	NCT04441047	[prevention,treatment]
952	NCT04371419	[behavioral,prevention]
953	NCT04394416	[treatment]
955	NCT04343963	[treatment]
956	ISRCTN94091479	[treatment]
958	ChiCTR2000031735	[treatment]
959	NCT04311177	[treatment]
960	ChiCTR2000029603	[treatment]
963	NCT04418947	[treatment]
964	ChiCTR2000030892	[treatment]
965	NCT04380402	[treatment]
968	IRCT20160126026217N4	[treatment]
970	NCT04498936	[treatment]
971	NCT04331808	[treatment]
972	NCT04389580	[treatment]
976	JPRN-UMIN000041191	[behavioral]
977	NCT04440150	[diagnosis]
979	NCT04341727	[treatment]
980	CTRI/2020/07/026468	[treatment]
981	EUCTR2020-001376-15-DE	[treatment]
982	NCT04432051	[behavioral]
983	NCT04377997	[treatment]
991	ChiCTR2000033705	[treatment]
992	NCT04333628	[treatment]
993	NCT04479644	[treatment]
994	NCT04435808	[prevention]
996	NCT04322344	[treatment]
999	EUCTR2020-001827-15-ES	[treatment]
1000	NCT04374643	[behavioral]
1004	ChiCTR2000032456	[treatment]
1005	NCT04366856	[behavioral,treatment]
1006	NCT04384887	[behavioral]
1007	ISRCTN89951424	[treatment]
1008	ChiCTR2000029763	[treatment]
1010	NCT04458246	[treatment]
1012	NCT04510493	[treatment]
1013	NCT04349410	[treatment]
1017	NCT04424771	[behavioral]
1018	NCT04470869	[behavioral,prevention]
1019	NCT04343690	[behavioral]
1021	NCT04377074	[behavioral]
1023	NCT04470297	[behavioral,treatment]
1024	NCT04355026	[treatment]
1025	EUCTR2020-001255-40-ES	[treatment]
1028	ChiCTR2000033774	[treatment]
1031	NCT04455815	[treatment]
1037	NCT04389801	[treatment]
1038	CTRI/2020/07/026352	[prevention,treatment]
1040	NCT04350320	[treatment]
1042	NCT04346355	[treatment]
1043	NCT04254874	[treatment]
1044	NCT04442204	[behavioral]
1045	NCT04290858	[treatment]
1047	NCT04322773	[treatment]
1048	ChiCTR2000030258	[treatment]
1050	NCT04363606	[diagnosis]
1051	NCT04480606	[behavioral,prevention]
1053	EUCTR2020-001903-17-ES	[treatment]
1055	NCT04461769	[treatment]
1059	ChiCTR2000029941	[treatment]
1061	NCT04348461	[treatment]
1062	NCT04449744	[treatment]
1066	NCT04345419	[treatment]
1067	EUCTR2020-001675-33-DE	[treatment]
1068	NCT04494984	[treatment]
1069	CTRI/2020/06/026197	[treatment]
1070	EUCTR2020-000982-18-SE	[treatment]
1071	IRCT20161204031229N3	[treatment]
1072	IRCT20200312046749N1	[treatment]
1075	NCT04449718	[treatment]
1076	NCT04283838	[behavioral,prevention]
1078	NCT04420806	[treatment]
1080	NCT04377568	[treatment]
1081	NCT04357990	[treatment]
1083	NCT04491994	[treatment]
1084	NCT04374032	[treatment]
1085	NCT04412356	[treatment]
1086	NCT04365881	[behavioral]
1087	EUCTR2020-002632-75-GB	[treatment]
1088	NCT04363827	[prevention,treatment]
1091	NCT04361474	[treatment]
1093	NCT04420988	[treatment]
1095	NCT04421612	[behavioral,treatment]
1098	NCT04438980	[treatment]
1099	NCT04500067	[treatment]
1100	NCT04335071	[treatment]
1101	EUCTR2020-001264-28-GR	[treatment]
1102	NCT04409925	[treatment]
1104	ChiCTR2000032098	[treatment]
1106	ISRCTN90906759	[treatment]
1107	CTRI/2020/06/026228	[treatment]
1108	NCT04371406	[treatment]
1112	CTRI/2020/05/025088	[treatment]
1113	NCT04434248	[treatment]
1115	IRCT20200310046736N1	[treatment]
1116	ChiCTR2000029898	[treatment]
1120	NCT04451317	[behavioral]
1121	EUCTR2020-001302-30-AT	[treatment]
1122	NCT04470609	[prevention]
1123	IRCT20080901001165N50	[treatment]
1124	NCT04397692	[treatment]
1128	NCT04363346	[treatment]
1130	CTRI/2020/05/025338	[treatment]
1131	EUCTR2020-001549-38-DE	[treatment]
1134	ChiCTR2000030022	[treatment]
1135	EUCTR2020-001375-32-NL	[treatment]
1136	NCT04373291	[prevention]
1138	EUCTR2020-002211-21-GB	[treatment]
1140	CTRI/2020/05/025346	[treatment]
1142	ChiCTR2000030806	[treatment]
1146	NCT04362085	[treatment]
1150	NCT04435015	[treatment]
1151	CTRI/2020/06/025862	[treatment]
1152	NCT04332666	[treatment]
1153	NCT04382950	[treatment]
1154	NCT04514900	[behavioral,treatment]
1155	NCT04462848	[treatment]
1156	NCT04399798	[treatment]
1157	NCT04344197	[prevention]
1158	ACTRN12620000468921	[treatment]
1159	NCT04425707	[treatment]
1160	ChiCTR2000030866	[treatment]
1161	EUCTR2017-001100-30-DE	[treatment]
1167	NCT04340219	[behavioral]
1168	NCT04371822	[treatment]
1169	NCT04343183	[treatment]
1173	ChiCTR2000029994	[treatment]
1175	NCT04352959	[prevention]
1177	NCT04374487	[treatment]
1178	NCT04379336	[prevention]
1179	NCT04343755	[treatment]
1180	NCT04364815	[prevention]
1186	NCT04366791	[treatment]
1188	NCT04360980	[treatment]
1189	NCT04374942	[prevention]
1191	ACTRN12620000640909	[treatment]
1193	NCT04351152	[treatment]
1194	ACTRN12620000580976	[treatment]
1196	NCT04402203	[treatment]
1198	ChiCTR2000032717	[treatment]
1200	NCT04350723	[treatment]
1201	ChiCTR2000032769	[treatment]
1202	NCT04453488	[prevention]
1204	NCT04368845	[treatment]
1207	NCT04344080	[treatment]
1209	CTRI/2020/06/026002	[treatment]
1212	PACTR202004801273802	[treatment]
1213	NCT04439045	[prevention]
1215	NCT04377477	[treatment]
1216	NCT04361903	[behavioral]
1217	NCT04452773	[prevention]
1218	RPCEC00000319	[treatment]
1220	NCT04349228	[prevention]
1222	NCT04421027	[treatment]
1223	NCT04350580	[behavioral,treatment]
1225	NCT04365738	[treatment]
1226	NCT04323514	[treatment]
1227	EUCTR2020-002476-13-GB	[treatment]
1228	IRCT20151227025726N12	[treatment]
1229	NCT04416048	[prevention]
1231	ChiCTR2000030260	[treatment]
1232	ChiCTR2000032214	[treatment]
1235	NCT04516941	[treatment]
1237	ChiCTR2000030215	[treatment]
1239	NCT04405492	[diagnosis]
1240	NCT04385940	[treatment]
1241	NCT04382391	[treatment]
1243	NCT04346940	[treatment]
1246	NCT04459702	[treatment]
1249	NCT04385043	[treatment]
1250	ChiCTR2000029759	[treatment]
1251	RPCEC00000306	[treatment]
1254	ChiCTR2000029781	[treatment]
1255	NCT04445272	[treatment]
1256	NCT04424953	[treatment]
1257	IRCT20200511047396N1	[treatment]
1261	IRCT20200611047735N1	[treatment]
1264	NCT04479631	[treatment]
1265	NCT04469660	[behavioral]
1267	NCT04451174	[treatment]
1268	ChiCTR2000033433	[behavioral,treatment]
1270	ISRCTN13035264	[treatment]
1271	NCT04497441	[behavioral]
1272	NCT04450303	[behavioral,treatment]
1275	NCT04454398	[treatment]
1277	CTRI/2020/05/025093	[treatment]
1280	NCT04431466	[treatment]
1286	NCT04443270	[prevention]
1287	NCT04476719	[treatment]
1292	NCT04381858	[treatment]
1293	EUCTR2020-001531-27-ES	[treatment]
1295	ChiCTR2000029770	[treatment]
1298	NCT04368793	[behavioral]
1306	NCT04482699	[behavioral,treatment]
1307	NCT04476953	[treatment]
1308	NCT04280705	[treatment]
1310	NCT04354155	[prevention]
1311	ChiCTR2000029895	[treatment]
1312	ChiCTR2000030135	[treatment]
1313	EUCTR2020-001254-22-BE	[treatment]
1314	NCT04408066	[diagnosis]
1318	NCT04443868	[treatment]
1320	NCT04382625	[treatment]
1321	NCT04442308	[behavioral]
1325	IRCT20200403046926N1	[treatment]
1327	NCT04373005	[diagnosis]
1329	ChiCTR2000031453	[treatment]
1331	EUCTR2020-001644-25-FR	[treatment]
1335	NCT04478539	[treatment]
1336	NCT04394104	[behavioral]
1337	NCT04345887	[treatment]
1338	NCT04355637	[treatment]
1339	NCT04321421	[treatment]
1340	NCT04374279	[treatment]
1344	NCT04260594	[treatment]
1345	PACTR202004761408382	[treatment]
1346	NCT04500652	[behavioral]
1347	NCT04335851	[treatment]
1348	NCT04273529	[treatment]
1351	ChiCTR2000029899	[treatment]
1352	ChiCTR2000034796	[treatment]
1353	LBCTR2020043459	[behavioral]
1356	NCT04344730	[treatment]
1359	NCT04374019	[treatment]
1360	NCT04312997	[treatment]
1365	ChiCTR2000032635	[treatment]
1366	NCT04359615	[treatment]
1367	ChiCTR2000030117	[treatment]
1369	NCT04435353	[treatment]
1370	NCT04425031	[behavioral,prevention]
1371	NCT04343404	[behavioral]
1372	NCT04428008	[prevention]
1373	IRCT20200405046958N1	[treatment]
1380	NCT04342897	[treatment]
1385	NCT04344444	[treatment]
1389	NCT04369690	[behavioral]
1390	EUCTR2020-001739-28-BE	[treatment]
1394	NCT04420247	[treatment]
1396	NCT04458363	[treatment]
1399	NCT04435717	[treatment]
1400	NCT04466098	[treatment]
1401	CTRI/2020/06/026193	[treatment]
1402	IRCT20200318046812N2	[treatment]
1403	IRCT20200410047009N1	[treatment]
1406	IRCT20190810044500N5	[treatment]
1407	NCT04338074	[treatment]
1412	NCT04486001	[treatment]
1413	NCT04340232	[treatment]
1418	EUCTR2020-001420-34-DK	[treatment]
1419	IRCT20200404046935N1	[treatment]
1425	TCTR20200409006	[treatment]
1426	NCT04291729	[treatment]
1427	CTRI/2020/04/024479	[treatment]
1428	ChiCTR2000029434	[treatment]
1432	NCT04304053	[prevention]
1441	CTRI/2020/06/025704	[treatment]
1443	NCT04427137	[behavioral,treatment]
1444	NCT04337788	[prevention]
1446	NCT04336748	[prevention]
1447	NCT04384588	[treatment]
1456	NCT04384731	[treatment]
1457	NCT04362137	[treatment]
1460	NCT04510207	[prevention,treatment]
1461	NCT04510038	[treatment]
1462	NCT04400058	[prevention]
1463	NCT04494386	[treatment]
1464	NCT04460469	[behavioral]
1466	NCT04368728	[prevention]
1468	EUCTR2020-001381-11-FR	[treatment]
1469	NCT04472494	[treatment]
1475	NCT04344782	[treatment]
1477	NCT04467086	[treatment]
1478	ChiCTR2000029580	[treatment]
1479	CTRI/2020/05/025068	[treatment]
1480	ChiCTR2000030043	[treatment]
1481	NCT04390594	[treatment]
1483	ChiCTR2000030084	[treatment]
1484	EUCTR2020-002193-27-ES	[treatment]
1487	NCT04349618	[treatment]
1488	PACTR202007606032743	[treatment]
1492	NCT04352803	[treatment]
1494	NCT04347512	[treatment]
1495	JPRN-UMIN000040602	[treatment]
1496	NCT04398277	[behavioral,treatment]
1499	NCT04444271	[treatment]
1503	NCT04372017	[prevention]
1506	NCT04482387	[diagnosis]
1507	NCT04244591	[treatment]
1510	EUCTR2020-001498-63-BE	[treatment]
1511	NCT04429555	[behavioral,treatment]
1512	ChiCTR2000030225	[treatment]
1514	IRCT20200317046797N3	[treatment]
1517	CTRI/2020/06/026190	[treatment]
1518	ISRCTN13311119	[treatment]
1520	EUCTR2020-001767-86-IE	[treatment]
1522	IRCT20200418047116N1	[treatment]
1525	NCT04446286	[behavioral]
1527	NCT04331470	[treatment]
1530	NCT04344210	[behavioral,treatment]
1531	NCT04353284	[treatment]
1532	NCT04359290	[treatment]
1533	NCT04502342	[treatment]
1535	CTRI/2020/04/024857	[treatment]
1536	NCT04394078	[behavioral]
1537	ChiCTR2000030001	[treatment]
1538	NCT04375098	[treatment]
1540	NCT04341584	[treatment]
1541	NCT04480957	[treatment]
1542	NCT04483973	[treatment]
1547	CTRI/2020/04/024775	[treatment]
1548	ChiCTR2000030046	[treatment]
1553	NCT04444115	[behavioral]
1555	NCT04377672	[treatment]
1561	NCT04400799	[treatment]
1562	NCT04442191	[treatment]
1563	CTRI/2020/04/024904	[treatment]
1565	ChiCTR2000029461	[treatment]
1567	NCT04433949	[treatment]
1568	NCT04366947	[prevention,treatment]
1569	NCT04466657	[treatment]
1570	ChiCTR2000029658	[treatment]
1571	NCT04334850	[treatment]
1573	NCT04351724	[treatment]
1576	NCT04384497	[treatment]
1577	CTRI/2020/05/024982	[treatment]
1578	NCT04324073	[treatment]
1579	NCT04345406	[treatment]
1580	NCT04427566	[treatment]
1582	NCT04453839	[treatment]
1583	NCT04504032	[treatment]
1585	ChiCTR2000030317	[treatment]
1586	PER-010-20	[treatment]
1587	NCT04350593	[treatment]
1588	NCT04492358	[treatment]
1589	NCT04394026	[diagnosis]
1591	NCT04363541	[treatment]
1592	NCT04376814	[treatment]
1595	RPCEC00000322	[treatment]
1596	EUCTR2020-001160-28-ES	[treatment]
1599	CTRI/2020/06/025763	[treatment]
1603	NCT04452318	[treatment]
1607	NCT04368923	[treatment]
1608	NCT04288713	[behavioral]
1609	ChiCTR2000031781	[prevention,treatment]
1610	NCT04505774	[treatment]
1611	CTRI/2020/06/026222	[treatment]
1614	NCT04408287	[treatment]
1615	ChiCTR2000031328	[treatment]
1616	NCT04403269	[treatment]
1617	IRCT20151227025726N18	[treatment]
1618	NCT04390178	[treatment]
1628	NCT04516915	[treatment]
1632	NCT04445376	[treatment]
1633	NCT04493242	[treatment]
1635	EUCTR2020-001995-13-ES	[treatment]
1636	NCT04320238	[prevention]
1639	NCT04354831	[treatment]
1643	IRCT20200404046937N1	[treatment]
1646	NCT04474080	[behavioral,prevention]
1647	ISRCTN68675756	[treatment]
1651	NCT04350736	[treatment]
1652	NCT04457726	[treatment]
1653	NCT04498247	[prevention]
1658	NCT04425213	[behavioral]
1659	IRCT20200509047366N1	[treatment]
1661	RBR-3k4wxb	[treatment]
1662	NCT04383535	[treatment]
1664	NCT04355962	[treatment]
1665	IRCT20080901001165N55	[treatment]
1669	NCT04386616	[treatment]
1670	NCT04391309	[treatment]
1673	EUCTR2020-001333-13-FR	[treatment]
1674	NCT04351295	[treatment]
1678	NCT04429334	[treatment]
1679	CTRI/2020/05/025162	[behavioral]
1681	ChiCTR2000032165	[treatment]
1683	NCT04430387	[treatment]
1685	NCT03681288	[behavioral,treatment]
1686	NCT04419610	[treatment]
1688	NCT04357730	[treatment]
1692	EUCTR2020-001411-25-DE	[treatment]
1693	EUCTR2020-001682-36-ES	[treatment]
1694	NCT04445220	[treatment]
1695	NCT04403906	[diagnosis]
1698	NCT04511923	[treatment]
1699	NCT04338841	[treatment]
1701	NCT04429763	[treatment]
1702	NCT04357808	[treatment]
1703	IRCT20200405046951N1	[treatment]
1704	NCT04055948	[behavioral,treatment]
1707	NCT04347226	[treatment]
1709	NCT04374474	[treatment]
1711	NCT04383717	[treatment]
1715	NCT04495933	[prevention]
1719	NCT04406532	[behavioral,treatment]
1720	NCT04339790	[behavioral]
1721	ChiCTR2000030136	[treatment]
1724	EUCTR2020-002111-22-PL	[prevention]
1726	NCT04369365	[prevention]
1727	NCT04398147	[prevention,treatment]
1729	NCT04487691	[treatment]
1730	NCT04366817	[behavioral,prevention]
1731	NCT04363177	[behavioral,prevention]
1733	NCT04363736	[treatment]
1734	ISRCTN21363594	[treatment]
1735	EUCTR2020-001882-36-GR	[treatment]
1736	IRCT20190727044343N1	[treatment]
1737	NCT04346966	[prevention]
1738	NCT04379492	[treatment]
1740	EUCTR2020-001723-13-FR	[treatment]
1741	EUCTR2020-002110-41-GB	[treatment]
1742	NCT04365699	[treatment]
1743	IRCT20130616013690N7	[treatment]
1745	NCT04389359	[prevention]
1752	NCT04363866	[treatment]
1755	NCT04386850	[prevention]
1757	NCT04453384	[treatment]
1758	NCT04370236	[treatment]
1760	NCT04396067	[treatment]
1762	NCT04468646	[treatment]
1763	NCT04283461	[prevention,treatment]
1764	NCT04402879	[treatment]
1765	JPRN-jRCT2031200035	[treatment]
1769	NCT04347239	[treatment]
1775	NCT04453514	[behavioral,treatment]
1777	NCT04359251	[treatment]
1778	NCT04334928	[prevention]
1779	NCT04445337	[treatment]
1780	NCT04360876	[treatment]
1781	DRKS00021791	[behavioral]
1782	NCT04420364	[treatment]
1783	NCT04345692	[treatment]
1784	NCT04335097	[treatment]
1785	EUCTR2020-001373-70-FR	[treatment]
1786	NCT04483960	[treatment]
1787	ChiCTR2000034794	[treatment]
1789	NCT04457349	[treatment]
1790	ChiCTR2000031494	[treatment]
1792	EUCTR2020-001951-42-PL	[treatment]
1797	EUCTR2020-001696-32-ES	[treatment]
1798	NCT04358042	[behavioral]
1802	NCT04361344	[diagnosis]
1804	EUCTR2020-001740-26-GB	[treatment]
1806	NCT04372680	[diagnosis]
1810	NCT04377659	[treatment]
1811	IRCT20151227025726N17	[treatment]
1812	ChiCTR2000030424	[treatment]
1814	NCT04498377	[treatment]
1815	IRCT20120215009014N354	[treatment]
1820	NCT04308187	[behavioral]
1822	IRCT20200413047056N1	[treatment]
1824	EUCTR2020-001367-88-DK	[treatment]
1826	NCT04379063	[behavioral]
1829	IRCT20151228025732N53	[treatment]
1832	NCT04397523	[treatment]
1834	NCT04181021	[behavioral]
1835	NCT04385901	[behavioral,treatment]
1836	EUCTR2020-002186-34-ES	[treatment]
1837	NCT04386668	[behavioral]
1838	NCT04313127	[prevention,treatment]
1839	NCT04385095	[treatment]
1840	NCT04291053	[treatment]
1841	NCT04310865	[prevention]
1842	EUCTR2020-001303-16-FR	[treatment]
1843	NCT04424901	[treatment]
1845	NCT04359277	[treatment]
1849	NCT04449276	[prevention]
1850	NCT04372693	[behavioral]
1852	NCT04293692	[treatment]
1855	NCT04385017	[diagnosis]
1856	EUCTR2020-001198-55-DK	[treatment]
1857	NCT04426695	[behavioral,treatment]
1860	ChiCTR2000029740	[treatment]
1862	NCT04369469	[behavioral,treatment]
1867	NCT04402229	[behavioral]
1868	ChiCTR2000033798	[treatment]
1870	NCT04497298	[prevention]
1871	NCT04319211	[behavioral]
1874	ISRCTN16912075	[treatment]
1875	NCT04446065	[prevention]
1876	ISRCTN99248812	[treatment]
1878	NCT04403243	[treatment]
1879	NCT04479163	[prevention]
1881	NCT04400890	[treatment]
1882	NCT04346927	[treatment]
1885	NCT04512079	[treatment]
1886	ChiCTR2000029569	[treatment]
1887	ChiCTR2000033627	[treatment]
1888	NCT04349371	[prevention]
1889	NCT04424017	[prevention]
1891	ChiCTR2000030509	[treatment]
1893	NCT03959995	[treatment]
1895	NCT04446377	[treatment]
1896	NCT04333732	[prevention]
1898	ChiCTR2000030559	[treatment]
1900	IRCT20200324046847N1	[treatment]
1901	ChiCTR2000030804	[treatment]
1902	IRCT20200322046833N1	[treatment]
1904	ChiCTR2000030750	[treatment]
1905	NCT04338698	[treatment]
1906	IRCT20190917044805N2	[treatment]
1909	NCT04355494	[behavioral,treatment]
1910	NCT04347915	[treatment]
1913	ChiCTR2000030480	[treatment]
1914	NCT04356482	[treatment]
1917	EUCTR2020-001558-23-IT	[treatment]
1918	NCT04497246	[behavioral]
1920	IRCT20081019001369N3	[treatment]
1921	NCT04497454	[treatment]
1922	CTRI/2020/06/026192	[treatment]
1923	NCT04383548	[treatment]
1929	NCT04458519	[treatment]
1930	NCT04364802	[prevention]
1932	EUCTR2020-001732-10-DE	[treatment]
1933	NCT04453579	[behavioral]
1935	IRCT20200404046937N2	[treatment]
1936	PACTR202005681895696	[treatment]
1937	EUCTR2020-001963-10-FR	[treatment]
1938	NCT04264858	[treatment]
1939	NCT04360096	[treatment]
1940	IRCT20180712040449N2	[treatment]
1941	EUCTR2020-001244-26-AT	[treatment]
1942	CTRI/2020/06/026187	[treatment]
1944	NCT04416399	[treatment]
1946	NCT04363528	[treatment]
1948	CTRI/2020/05/024959	[treatment]
1950	CTRI/2020/06/026220	[treatment]
1951	NCT04365309	[treatment]
1954	NCT04340050	[treatment]
1955	ChiCTR2000032455	[behavioral]
1956	EUCTR2020-001236-10-NL	[treatment]
1957	NCT04363229	[behavioral]
1961	NCT04460027	[treatment]
1962	RPCEC00000317	[treatment]
1963	NCT04441385	[behavioral,treatment]
1964	NCT04343261	[treatment]
1967	NCT04280588	[treatment]
1968	NCT02901041	[treatment]
1970	NCT04395911	[treatment]
1971	EUCTR2020-001172-15-DE	[treatment]
1974	NCT04420416	[behavioral]
1976	NCT04394117	[treatment]
1977	NCT04326452	[treatment]
1978	NCT04471831	[treatment]
1980	IRCT20180923041093N3	[treatment]
1981	ChiCTR2000033286	[treatment]
1982	NCT04502667	[treatment]
1986	NCT04484493	[treatment]
1990	NCT04433910	[treatment]
1992	CTRI/2020/07/026470	[treatment]
1994	NCT04395768	[treatment]
1996	NCT04396600	[behavioral]
1997	NCT04430049	[behavioral]
1999	NCT04343248	[prevention]
2000	NCT04351880	[treatment]
2003	IRCT20190727044343N3	[treatment]
2004	NCT04388709	[treatment]
2005	RBR-45kf9p	[treatment]
2006	NCT04354389	[treatment]
2008	NCT04408651	[behavioral,treatment]
2009	EUCTR2020-001937-11-GB	[treatment]
2011	NCT04337008	[diagnosis]
2014	NCT04460677	[behavioral,prevention]
2017	ChiCTR2000029757	[treatment]
2020	NCT04429724	[prevention]
2021	NCT04491240	[treatment]
2022	NCT04276987	[treatment]
2023	NCT04334434	[prevention]
2027	EUCTR2020-001504-42-BE	[treatment]
2028	EUCTR2020-001409-21-ES	[treatment]
2031	NCT04488796	[behavioral]
2033	NCT04363034	[treatment]
2034	NCT04437693	[prevention]
2037	ChiCTR2000030006	[treatment]
2039	NCT04492475	[treatment]
2040	NCT04370015	[prevention]
2041	ChiCTR2000030091	[treatment]
2045	ChiCTR2000032915	[treatment]
2046	NCT04361032	[treatment]
2047	ChiCTR2000030167	[treatment]
2049	NCT04403555	[treatment]
2050	ChiCTR2000034795	[treatment]
2052	NCT04405544	[diagnosis]
2053	NCT04395599	[prevention]
2054	NCT04331600	[treatment]
2056	NCT04452799	[treatment]
2059	ChiCTR2000030759	[treatment]
2061	NCT04395716	[treatment]
2063	NCT04343768	[treatment]
2064	EUCTR2020-001504-42-FR	[treatment]
2065	ChiCTR2000030054	[treatment]
2067	IRCT20121216011763N46	[treatment]
2068	NCT04420741	[treatment]
2072	NCT04342728	[treatment]
2078	NCT04251767	[treatment]
2080	ChiCTR2000029811	[treatment]
2081	IRCT20200408046992N1	[treatment]
2082	NCT04378244	[treatment]
2083	EUCTR2020-001257-51-DK	[treatment]
2085	NCT04407195	[behavioral]
2086	NCT04394793	[treatment]
2089	NCT04457817	[treatment]
2090	IRCT20200518047497N1	[treatment]
2095	EUCTR2020-001994-66-ES	[treatment]
2096	EUCTR2020-002503-19-NL	[prevention]
2097	ChiCTR2000029751	[treatment]
2098	EUCTR2020-001469-35-PL	[treatment]
2100	NCT04373382	[behavioral,prevention]
2102	JPRN-jRCTs041200025	[treatment]
2103	NCT04371354	[prevention]
2104	IRCT20080901001165N59	[treatment]
2105	ChiCTR2000030697	[treatment]
2106	NCT04445428	[prevention]
2107	NCT04408235	[treatment]
2110	EUCTR2020-001890-56-ES	[treatment]
2111	NCT04368312	[behavioral]
2112	NCT04361838	[behavioral,treatment]
2113	NCT04443764	[behavioral]
2114	NCT04499677	[treatment]
2115	NCT04347031	[treatment]
2116	NCT04323527	[treatment]
2118	IRCT20080901001165N46	[treatment]
2119	NCT04351542	[treatment]
2120	IRCT20200318046812N1	[treatment]
2122	EUCTR2020-001904-41-GB	[treatment]
2123	NCT04346628	[treatment]
2127	EUCTR2020-001528-32-IT	[treatment]
2129	NCT04416334	[prevention]
2131	NCT04382066	[treatment]
2132	NCT04342169	[treatment]
2133	NCT04401293	[treatment]
2134	ChiCTR2000029851	[treatment]
2141	EUCTR2020-001435-27-FR	[treatment]
2142	NCT04350450	[treatment]
2143	NCT04381923	[treatment]
2144	NCT04343001	[behavioral,treatment]
2146	NCT04390217	[treatment]
2147	NCT04441632	[behavioral,treatment]
2148	NCT04402957	[treatment]
2151	NCT04391712	[treatment]
2154	NCT04352491	[behavioral]
2155	CTRI/2020/06/025999	[treatment]
2156	EUCTR2015-002340-14-NL	[treatment]
2157	NCT03963622	[treatment]
2159	NCT04406181	[behavioral,treatment]
2160	NCT04324528	[treatment]
2166	IRCT20081027001411N4	[treatment]
2167	NCT04482686	[treatment]
2168	IRCT20200112046089N1	[treatment]
2169	NCT04344431	[treatment]
2170	NCT04474301	[behavioral]
2171	NCT04348474	[treatment]
2172	JPRN-JapicCTI-205238	[treatment]
2174	NCT04456361	[treatment]
2175	NCT04469621	[treatment]
2176	NCT04360824	[treatment]
2178	NCT04327349	[treatment]
2179	NCT04478019	[prevention]
2180	ChiCTR2000030987	[treatment]
2181	ChiCTR2000029539	[treatment]
2182	NCT04426318	[behavioral,treatment]
2183	NCT04345445	[treatment]
2184	PER-027-20	[treatment]
2185	NCT04490200	[prevention]
2187	NCT04406909	[prevention]
2191	NCT04363814	[treatment]
2192	NCT04395170	[treatment]
2193	NCT04383470	[behavioral]
2196	NCT04470544	[treatment]
2197	ChiCTR2000031501	[treatment]
2198	NCT04385264	[treatment]
2202	IRCT20200409047007N1	[treatment]
2203	NCT04444596	[diagnosis]
2204	ChiCTR2000032040	[treatment]
2205	NCT04463420	[treatment]
2206	NCT04347941	[treatment]
2212	NCT04475120	[treatment]
2218	NCT04335136	[treatment]
2221	NCT04379271	[treatment]
2223	ACTRN12620000417987	[prevention,treatment]
2224	EUCTR2020-001296-33-DK	[treatment]
2225	NCT04438850	[treatment]
2227	JPRN-UMIN000040837	[treatment]
2228	NCT04392531	[treatment]
2229	NCT04412785	[treatment]
2232	NCT04443699	[behavioral]
2234	NCT04482647	[treatment]
2235	ChiCTR2000029947	[treatment]
2239	NCT04400929	[treatment]
2242	NCT04371926	[prevention]
2243	NCT04420299	[treatment]
2247	NCT04356495	[treatment]
2249	NCT04380818	[treatment]
2252	NCT04380701	[treatment]
2253	ACTRN12620000731998	[treatment]
2254	NCT04365517	[treatment]
2255	NCT04369300	[behavioral]
2258	CTRI/2020/06/025854	[treatment]
2260	NCT04353336	[treatment]
2261	ChiCTR2000029788	[treatment]
2265	ChiCTR2000030288	[treatment]
2266	NCT04341935	[treatment]
2267	NCT04349098	[treatment]
2269	DRKS00021706	[behavioral]
2270	NCT04381286	[behavioral]
2272	NCT03184662	[treatment]
2273	NCT04393077	[behavioral,treatment]
2274	NCT04424797	[treatment]
2275	IRCT20200519047510N1	[treatment]
2278	NCT04492228	[treatment]
2279	NCT04454606	[prevention]
2281	PACTR202006473370201	[treatment]
2282	NCT04343989	[treatment]
2283	IRCT20170210032478N3	[treatment]
2287	NCT04384419	[behavioral]
2288	NCT04324190	[behavioral,treatment]
2290	NCT04399889	[behavioral,treatment]
2291	NCT04495803	[treatment]
2292	NCT04464395	[treatment]
2293	NCT04366245	[treatment]
2294	NCT04397835	[behavioral]
2295	NCT04433988	[treatment]
2296	NCT04356534	[treatment]
2297	NCT03175796	[behavioral,treatment]
2299	NCT04343976	[treatment]
2300	NCT04420338	[diagnosis]
2301	NCT04373460	[treatment]
2302	NCT04395976	[prevention]
2306	NCT04490486	[treatment]
2307	NCT04449081	[behavioral]
2308	EUCTR2020-001825-29-ES	[treatment]
2309	NCT04356937	[treatment]
2311	NCT04487210	[prevention,treatment]
2313	NCT04378920	[treatment]
2315	NCT04366271	[treatment]
2316	NCT04412239	[behavioral]
2317	NCT04517006	[behavioral]
2318	EUCTR2020-001635-27-FR	[treatment]
2319	IRCT20200417047113N1	[treatment]
2321	NCT04369859	[behavioral]
2324	NCT04373161	[diagnosis]
2325	CTRI/2020/06/026195	[treatment]
2327	NCT04407299	[behavioral]
2329	NCT04291534	[behavioral]
2331	NCT04327206	[prevention]
2332	IRCT20200505047305N1	[treatment]
2333	NCT04469114	[treatment]
2335	CTRI/2020/05/025272	[treatment]
2337	NCT04459247	[treatment]
2339	NCT04459676	[behavioral,treatment]
2340	NCT04358939	[behavioral,treatment]
2342	IRCT20200406046965N1	[treatment]
2343	EUCTR2020-001512-26-DE	[treatment]
2344	NCT04326920	[behavioral,treatment]
2346	EUCTR2018-004318-16-DK	[treatment]
2348	NCT04459403	[behavioral]
2351	NCT04358081	[treatment]
2352	RBR-3rdhgm	[treatment]
2354	NCT04322123	[treatment]
2355	NCT04293887	[treatment]
2356	NCT04476680	[prevention]
2358	NCT04368000	[behavioral,treatment]
2359	DRKS00022203	[treatment]
2361	NCT04350281	[treatment]
2362	NCT04381845	[diagnosis]
2363	NCT04341441	[prevention]
2369	NCT04329650	[treatment]
2371	IRCT20200411047019N1	[prevention]
2372	NCT04415073	[treatment]
2373	ChiCTR2000030010	[treatment]
2374	NCT04413968	[diagnosis]
2376	NCT04334265	[treatment]
2377	IRCT20200405046960N1	[treatment]
2382	EUCTR2020-001474-29-ES	[treatment]
2386	ACTRN12620000555954	[treatment]
2387	NCT04355052	[treatment]
2388	TCTR20200425001	[behavioral]
2389	NCT04390022	[treatment]
2394	NCT04330495	[prevention]
2396	NCT04341922	[behavioral,treatment]
2399	NCT04393636	[treatment]
2400	NCT04343664	[behavioral]
2403	ChiCTR2000032412	[treatment]
2404	NCT04441476	[behavioral]
2405	NCT04330690	[treatment]
2410	NCT04451239	[treatment]
2411	NCT04472585	[treatment]
2413	ChiCTR2000030333	[treatment]
2415	NCT04335279	[treatment]
2419	NCT04447833	[treatment]
2422	NCT04331899	[treatment]
2423	NCT04346082	[behavioral,treatment]
2424	NCT04408027	[behavioral,treatment]
2427	IRCT20150808023559N20	[treatment]
2428	NCT04324606	[treatment]
2432	IRCT20200610047722N1	[treatment]
2433	NCT04367337	[behavioral]
2435	EUCTR2020-001363-85-DK	[treatment]
2436	CTRI/2020/06/026001	[treatment]
2437	IRCT20200502047268N1	[treatment]
2438	CTRI/2020/06/025998	[treatment]
2441	ISRCTN48734830	[treatment]
2442	NCT04414618	[treatment]
2443	ACTRN12620000479909	[behavioral]
2444	EUCTR2020-002448-21-GR	[treatment]
2445	IRCT20200204046369N1	[treatment]
2446	PACTR202006899597082	[treatment]
2447	NCT04337346	[behavioral]
2448	ChiCTR2000030000	[treatment]
2453	CTRI/2020/05/025224	[treatment]
2454	CTRI/2020/06/025874	[treatment]
2455	NCT04412291	[treatment]
2456	NCT04441918	[treatment]
2457	NCT04364763	[treatment]
2459	NCT04414241	[prevention]
2460	NCT04442048	[treatment]
2461	NCT04445935	[treatment]
2462	NCT04422613	[behavioral,diagnosis]
2466	ACTRN12620000445976	[treatment]
2467	IRCT20200209046427N1	[treatment]
2469	NCT04404361	[treatment]
2470	EUCTR2020-001010-38-NO	[treatment]
2471	SLCTR/2020/011	[treatment]
2472	NCT04447222	[behavioral]
2473	NCT04471636	[treatment]
2474	NCT04464460	[treatment]
2475	NCT04377620	[treatment]
2477	NCT04425629	[treatment]
2478	NCT04360759	[treatment]
2480	NCT04273321	[treatment]
2482	NCT04463472	[prevention,treatment]
2483	NCT04275414	[treatment]
2484	NCT04485429	[treatment]
2486	EUCTR2020-001794-77-ES	[treatment]
2489	ChiCTR2000030988	[treatment]
2490	NCT04344756	[treatment]
2491	NCT04423991	[diagnosis]
2493	IRCT20200406046963N1	[treatment]
2494	ChiCTR2000033133	[treatment]
2495	ChiCTR2000030417	[treatment]
2499	RBR-6m69fc	[treatment]
2500	NCT04448756	[treatment]
2504	EUCTR2020-001673-75-GB	[treatment]
2506	NCT04513158	[treatment]
2508	ChiCTR2000029975	[treatment]
2509	NCT04327505	[treatment]
2510	NCT04392453	[treatment]
2513	ChiCTR2000029493	[treatment]
2517	NCT04390542	[behavioral,treatment]
2518	NCT04498416	[behavioral]
2522	NCT04361877	[prevention]
2527	NCT04501978	[treatment]
2528	NCT04317365	[treatment]
2532	ChiCTR2000032919	[treatment]
2533	ChiCTR2000030580	[treatment]
2537	NCT04369742	[treatment]
2539	CTRI/2020/06/025779	[treatment]
2542	ChiCTR2000030322	[treatment]
2543	EUCTR2020-002130-33-BE	[treatment]
2545	NCT04373733	[treatment]
2546	NCT04403477	[treatment]
2547	NCT04341519	[behavioral]
2548	NCT03873467	[treatment]
2552	EUCTR2020-001805-21-GB	[treatment]
2553	NCT04412018	[treatment]
2555	NCT04401579	[treatment]
2557	CTRI/2020/06/025590	[treatment]
2560	NCT04334148	[behavioral,prevention]
2561	NCT04379375	[behavioral,prevention]
2562	NCT04358068	[treatment]
2563	NCT04466605	[treatment]
2566	NCT04421664	[treatment]
2567	CTRI/2020/05/025071	[treatment]
2568	NCT04442958	[treatment]
2570	NCT04389450	[treatment]
2571	EUCTR2020-001320-34-NL	[treatment]
2572	NCT04372056	[behavioral]
2573	IRCT20200324046852N1	[treatment]
2574	NCT04375397	[treatment]
2575	NCT04469491	[treatment]
2579	NCT03594734	[treatment]
2580	NCT04317040	[treatment]
2583	NCT04321616	[treatment]
2586	NCT04362813	[treatment]
2588	NCT04333654	[treatment]
2589	NCT04469179	[treatment]
2590	NCT04383886	[behavioral]
2591	NCT04463004	[treatment]
2593	NCT04475991	[treatment]
2595	NCT04428021	[treatment]
2596	EUCTR2020-001717-20-ES	[treatment]
2597	NCT04344665	[prevention]
2598	NCT04457609	[treatment]
2599	NCT04484025	[treatment]
2602	NCT04382846	[treatment]
2603	EUCTR2020-001747-21-PT	[treatment]
2605	NCT04346329	[prevention]
2606	NCT04341415	[treatment]
2608	ChiCTR2000029850	[treatment]
2610	NCT04382196	[behavioral]
2611	ChiCTR2000030751	[treatment]
2613	NCT04467840	[treatment]
2616	NCT04432766	[treatment]
2617	NCT04392973	[treatment]
2620	NCT04041453	[treatment]
2621	NCT04425005	[treatment]
2622	NCT04425837	[treatment]
2625	EUCTR2020-001929-31-ES	[treatment]
2628	NCT04351789	[prevention]
2630	NCT04421404	[treatment]
2632	NCT04375644	[behavioral]
2634	NCT04424134	[treatment]
2636	NCT04459962	[diagnosis]
2638	NCT04346589	[treatment]
2641	NCT04349241	[treatment]
2642	NCT04500132	[treatment]
2643	NCT04344951	[prevention]
2644	NCT04391101	[treatment]
2645	PACTR202007720062393	[treatment]
2646	ChiCTR2000030545	[treatment]
2647	NCT04406064	[treatment]
2649	NCT04435795	[treatment]
2651	ChiCTR2000032011	[treatment]
2654	ChiCTR2000030627	[treatment]
2655	NCT04370834	[treatment]
2656	NCT04335786	[behavioral,treatment]
2657	IRCT20200517047485N1	[treatment]
2659	NCT04355364	[treatment]
2660	PACTR202004693933092	[treatment]
2661	NCT04406389	[treatment]
2663	NCT04365985	[treatment]
2666	ChiCTR2000031630	[treatment]
2672	ChiCTR2000029813	[treatment]
2673	ChiCTR2000030483	[treatment]
2674	NCT04424082	[treatment]
2679	NCT04497623	[treatment]
2680	NCT04492189	[behavioral]
2681	NCT04353128	[prevention]
2682	NCT04345679	[treatment]
2683	NCT04332380	[treatment]
2686	NCT04505722	[treatment]
2688	NCT04442152	[behavioral,prevention]
2689	NCT04397705	[treatment]
2692	NCT04473053	[treatment]
2693	NCT04370678	[behavioral]
2698	NCT04329832	[treatment]
2706	NCT04385771	[treatment]
2707	NCT03301922	[behavioral,treatment]
2710	NCT04212442	[behavioral]
2711	IRCT20200421047150N1	[treatment]
2712	NCT04382586	[treatment]
2714	NCT04357327	[diagnosis]
2715	NCT04321096	[treatment]
2717	NCT04441424	[treatment]
2720	ChiCTR2000029437	[treatment]
2723	NCT04415151	[treatment]
2724	NCT04482595	[treatment]
2726	NCT04398303	[treatment]
2730	NCT04407130	[treatment]
2732	ChiCTR2000030704	[treatment]
2733	NCT04391179	[treatment]
2734	NCT04410159	[treatment]
2735	NCT04487444	[treatment]
2737	NCT04358783	[treatment]
2738	NCT04502472	[treatment]
2740	ChiCTR2000030718	[treatment]
2741	ChiCTR2000032346	[treatment]
2743	NCT04322682	[treatment]
2744	NCT04377711	[treatment]
2749	NCT04382651	[treatment]
2752	IRCT20200428047228N1	[treatment]
2757	NCT04411680	[treatment]
2758	NCT04374903	[treatment]
2759	ChiCTR2000030442	[treatment]
2761	NCT04422353	[treatment]
2762	NCT04330300	[prevention]
2763	NCT04414826	[behavioral,treatment]
2766	NCT04483752	[diagnosis]
2768	NCT04400305	[behavioral]
2772	NCT04367636	[treatment]
2773	NCT04486508	[treatment]
2774	NCT04318015	[prevention]
2776	NCT04453657	[behavioral,treatment]
2777	EUCTR2020-001264-28-BG	[treatment]
2779	NCT04373044	[treatment]
2780	EUCTR2020-002668-29-GB	[treatment]
2782	IRCT20180520039738N2	[treatment]
2784	NCT04307693	[treatment]
2785	ISRCTN40302986	[treatment]
2787	NCT04365608	[prevention,treatment]
2788	ChiCTR2000030779	[treatment]
2790	NCT04333420	[treatment]
2791	NCT04437823	[treatment]
2793	EUCTR2020-001541-39-ES	[treatment]
2795	NCT04359901	[treatment]
2798	NCT04389411	[treatment]
2799	NCT04336904	[treatment]
2801	NCT04453852	[prevention,treatment]
2805	JPRN-jRCT2031190264	[treatment]
2807	NCT04402983	[treatment]
2811	NCT04404192	[treatment]
2812	NCT04364893	[treatment]
2813	NCT04429711	[treatment]
2815	NCT04330638	[behavioral,treatment]
2816	NCT04371640	[treatment]
2818	NCT04442217	[behavioral]
2820	NCT04408131	[diagnosis]
2821	CTRI/2020/05/025161	[treatment]
2822	EUCTR2020-000705-86-ES	[treatment]
2825	IRCT20200428047232N1	[treatment]
2826	ISRCTN83971151	[treatment]
2827	NCT04366739	[treatment]
2830	EUCTR2020-001370-30-GB	[treatment]
2832	NCT04392323	[diagnosis]
2833	EUCTR2020-001765-37-ES	[treatment]
2835	NCT04407507	[treatment]
2837	NCT04358640	[behavioral]
2838	IRCT20200328046886N1	[treatment]
2843	NCT04320732	[behavioral]
2844	NCT04366830	[treatment]
2845	EUCTR2020-001803-17-GB	[treatment]
2846	NCT04344288	[treatment]
2848	ChiCTR2000031139	[treatment]
2849	NCT04428268	[treatment]
2852	NCT04397497	[treatment]
2854	NCT04342689	[treatment]
2855	NCT04399980	[treatment]
2857	NCT04333550	[treatment]
2859	NCT04372004	[diagnosis]
2863	NCT04473898	[treatment]
2864	NCT04419623	[treatment]
2867	NCT04443881	[treatment]
2870	NCT04371107	[treatment]
2871	NCT04442360	[behavioral]
2873	NCT03710746	[behavioral,prevention]
2874	NCT04485000	[behavioral,treatment]
2875	NCT04363216	[treatment]
2876	CTRI/2020/06/026262	[treatment]
2879	NCT04432987	[treatment]
2880	EUCTR2020-001038-36-DE	[treatment]
2881	KCT0005003	[treatment]
2888	NCT04431453	[treatment]
2889	ACTRN12620000787987	[treatment]
2891	NCT04460703	[treatment]
2894	NCT04406493	[diagnosis]
2897	NCT04403646	[treatment]
2899	NCT04381962	[treatment]
2901	NCT04358588	[treatment]
2902	NCT04430608	[treatment]
2903	NCT04406324	[behavioral]
2904	ChiCTR2000029742	[treatment]
2905	ChiCTR2000029869	[treatment]
2908	NCT04405310	[treatment]
2912	EUCTR2020-001466-11-GR	[treatment]
2913	IRCT20080901001165N53	[treatment]
2917	NCT04367077	[behavioral,treatment]
2918	RBR-4vm3yy	[treatment]
2919	NCT04410562	[treatment]
2920	NCT04366232	[treatment]
2921	NCT04296643	[prevention]
2922	NCT04386252	[prevention]
2923	NCT04501445	[behavioral]
2928	NCT04401150	[treatment]
2930	NCT04357782	[behavioral,treatment]
2931	NCT04391816	[behavioral]
2932	ChiCTR2000033320	[treatment]
2934	NCT04517422	[treatment]
2935	ChiCTR2000032716	[treatment]
2937	NCT04346368	[treatment]
2941	NCT04359303	[treatment]
2943	NCT04349332	[treatment]
2949	NCT04371978	[treatment]
2952	DRKS00021268	[behavioral]
2953	NCT04352751	[treatment]
2955	NCT04394169	[behavioral,prevention]
2959	NCT04331834	[prevention]
2961	NCT04466241	[treatment]
2962	NCT04472728	[treatment]
2964	JPRN-UMIN000040341	[treatment]
2966	NCT04245631	[diagnosis]
2969	EUCTR2020-001271-33-FR	[treatment]
2970	IRCT20120215009014N353	[treatment]
2972	NCT04463849	[diagnosis]
2974	ChiCTR2000029636	[treatment]
2975	NCT04305574	[behavioral]
2976	NCT04382768	[treatment]
2977	ChiCTR2000029308	[treatment]
2979	NCT04499391	[prevention]
2981	NCT04417153	[behavioral]
2984	EUCTR2020-001808-42-ES	[treatment]
2985	EUCTR2020-002312-43-ES	[treatment]
2986	NCT04456413	[treatment]
2991	NCT04402840	[behavioral,treatment]
2992	NCT04397848	[behavioral]
2993	NCT04333589	[treatment]
2994	IRCT20200325046860N2	[treatment]
2999	EUCTR2020-001445-39-ES	[treatment]
3000	NCT04372368	[treatment]
3003	ISRCTN30564012	[treatment]
3004	NCT03260140	[behavioral,treatment]
3006	IRCT20160706028815N5	[treatment]
3008	NCT04371952	[treatment]
3009	CTRI/2020/06/025557	[treatment]
3010	PACTR202006760881890	[treatment]
3013	NCT04389710	[treatment]
3015	EUCTR2020-001643-13-GB	[treatment]
3017	NCT04400838	[prevention,treatment]
3018	NCT04494399	[treatment]
3019	IRCT20200607047675N1	[treatment]
3020	NCT04404218	[treatment]
3022	NCT04437966	[behavioral,treatment]
3024	IRCT20200501047258N1	[treatment]
3025	IRCT20200404046948N1	[treatment]
3027	NCT04346979	[treatment]
3028	ChiCTR2000032770	[treatment]
3029	ChiCTR2000029789	[treatment]
3032	NCT04381871	[treatment]
3033	NCT04357444	[behavioral,treatment]
3034	NCT04513314	[treatment]
3037	NCT04348383	[treatment]
3038	NCT04345601	[treatment]
3039	EUCTR2020-002574-27-FR	[treatment]
3041	EUCTR2020-001206-35-AT	[treatment]
3042	IRCT20200419047128N2	[treatment]
3043	EUCTR2020-001162-12-FR	[treatment]
3046	NCT04378257	[behavioral,treatment]
3047	NCT04368299	[treatment]
3050	NCT04399356	[treatment]
3051	ChiCTR2000032737	[treatment]
3054	ChiCTR2000029439	[treatment]
3056	NCT04311697	[behavioral,treatment]
3057	IRCT20200317046797N5	[treatment]
3061	NCT04444674	[prevention]
3062	IRCT20200427047215N1	[treatment]
3064	ChiCTR2000030029	[treatment]
3065	CTRI/2020/05/025483	[treatment]
3067	ChiCTR2000030894	[treatment]
3069	CTRI/2020/05/025214	[treatment]
3071	IRCT20200416047099N2	[treatment]
3072	NCT04343651	[treatment]
3074	IRCT20171122037571N2	[treatment]
3077	NCT04276688	[treatment]
3080	ChiCTR2000030166	[treatment]
3084	NCT04410107	[behavioral]
3088	NCT04347889	[prevention]
3089	NCT04384458	[prevention]
3090	NCT04373707	[prevention]
3092	NCT04409886	[treatment]
3093	NCT04463433	[behavioral,prevention]
3095	NCT04361526	[treatment]
3097	NCT04315987	[treatment]
3098	NCT04315298	[behavioral,treatment]
3099	NCT04360551	[treatment]
3100	NCT03331445	[treatment]
3101	ChiCTR2000029761	[treatment]
3105	NCT04390412	[treatment]
3107	ChiCTR2000029741	[treatment]
3109	NCT04353674	[treatment]
3110	NCT04337541	[prevention]
3111	NCT04367831	[treatment]
3113	NCT04257656	[treatment]
3115	NCT04471766	[prevention]
3116	RBR-876qb5	[treatment]
3117	NCT04290871	[treatment]
3118	NCT04344457	[treatment]
3119	NCT04429061	[behavioral,treatment]
3123	DRKS00021732	[treatment]
3124	NCT04349592	[treatment]
3125	CTRI/2020/05/025425	[treatment]
3126	ChiCTR2000029739	[treatment]
3128	ChiCTR2000030744	[treatment]
3132	ChiCTR2000030116	[treatment]
3133	CTRI/2020/05/025215	[treatment]
3135	NCT04355728	[treatment]
3138	NCT04429828	[treatment]
3139	NCT03891420	[treatment]
3142	NCT04482634	[treatment]
3143	NCT04475575	[diagnosis]
3144	EUCTR2020-001921-30-IT	[treatment]
3145	NCT04393051	[treatment]
3148	NCT04345991	[treatment]
3150	NCT04477993	[treatment]
3151	NCT04332835	[treatment]
3152	NCT04388826	[treatment]
3153	NCT04436458	[treatment]
3154	NCT04351581	[treatment]
3158	CTRI/2020/04/024947	[treatment]
3159	NCT04365127	[treatment]
3161	IRCT20080901001165N51	[treatment]
3162	NCT04465513	[treatment]
3164	NCT04392245	[behavioral]
3165	NCT04395872	[behavioral]
3166	PACTR202006717277937	[treatment]
3168	NCT04341116	[treatment]
3169	NCT04486482	[treatment]
3170	NCT04330144	[prevention]
3171	NCT04435379	[prevention]
3173	NCT04268537	[treatment]
3174	NCT04338360	[treatment]
3176	EUCTR2020-001505-22-ES	[treatment]
3180	NCT04354441	[treatment]
3181	NCT04361422	[treatment]
3182	NCT04477655	[treatment]
3183	CTRI/2020/05/025336	[treatment]
3185	ChiCTR2000029431	[treatment]
3188	NCT04428801	[treatment]
3192	NCT04393246	[treatment]
3195	NCT04414631	[treatment]
3196	ChiCTR2000030475	[treatment]
3201	NCT04316377	[treatment]
3205	NCT04344106	[treatment]
3206	NCT04368676	[behavioral,treatment]
3207	NCT04377503	[treatment]
3209	NCT04319731	[treatment]
3211	NCT04381364	[treatment]
3212	NCT04456595	[prevention]
3213	NCT04356378	[behavioral]
3214	NCT04379531	[diagnosis]
3215	NCT04378712	[treatment]
3218	ChiCTR2000029438	[treatment]
3220	NCT04324996	[treatment]
3222	NCT04392115	[behavioral,treatment]
3223	NCT04431284	[behavioral]
3227	ChiCTR2000030398	[treatment]
3231	NCT04386798	[behavioral]
3235	NCT04423042	[treatment]
3238	NCT04399317	[treatment]
3242	EUCTR2020-001928-34-SE	[treatment]
3243	NCT04346615	[treatment]
3247	IRCT20170211032494N3	[treatment]
3248	NCT04399746	[treatment]
3250	NCT04382092	[diagnosis]
3252	NCT04410458	[behavioral]
3254	NCT04395508	[treatment]
3258	NCT04436276	[prevention,treatment]
3259	NCT04173663	[behavioral,treatment]
3261	NCT04431180	[behavioral]
3264	NCT04418934	[treatment]
3265	NCT04465695	[treatment]
3269	NCT04363775	[prevention,treatment]
3271	NCT04346667	[treatment]
3272	NCT04331054	[treatment]
3274	NCT04414124	[treatment]
3278	NCT04405739	[treatment]
3279	ChiCTR2000030312	[treatment]
3286	NCT04356365	[behavioral]
3287	NCT04363437	[treatment]
3288	NCT04392128	[treatment]
3292	RBR-7jqpnw	[treatment]
3293	ChiCTR2000033053	[treatment]
3299	IRCT20200416047099N1	[treatment]
3300	ChiCTR2000031089	[treatment]
3301	NCT04420676	[treatment]
3302	CTRI/2020/06/025803	[treatment]
3304	NCT04405271	[prevention]
3307	ChiCTR2000034825	[treatment]
3308	NCT03398135	[treatment]
3309	ChiCTR2000033372	[treatment]
3311	IRCT20151227025726N14	[treatment]
3312	IRCT20200401046909N1	[treatment]
3314	NCT04425720	[treatment]
3315	IRCT20200325046859N1	[treatment]
3318	NCT04449588	[treatment]
3320	ChiCTR2000030013	[treatment]
3321	JPRN-UMIN000041301	[treatment]
3322	NCT04353518	[prevention]
3323	NCT04340557	[prevention]
3326	ACTRN12620000674932	[prevention,treatment]
3327	ChiCTR2000030471	[treatment]
3329	CTRI/2020/05/025167	[treatment]
3331	NCT04345289	[treatment]
3332	NCT03807804	[treatment]
3333	NCT04332107	[treatment]
3335	ChiCTR2000030082	[treatment]
3336	NCT04364828	[diagnosis]
3340	NCT04363450	[prevention]
3344	RBR-3rywwg	[treatment]
3345	EUCTR2020-001459-42-DK	[treatment]
3347	NCT04516811	[treatment]
3348	EUCTR2020-001310-38-DE	[treatment]
3351	EUCTR2020-001511-25-ES	[treatment]
3352	CTRI/2020/06/025798	[treatment]
3353	NCT04336254	[treatment]
3354	NCT04334382	[treatment]
3355	NCT04355533	[diagnosis]
3356	NCT04408209	[treatment]
3357	NCT04394455	[behavioral,treatment]
3359	NCT04476979	[treatment]
3362	NCT04442282	[behavioral]
3363	JPRN-jRCT2071200023	[treatment]
3364	NCT04381936	[treatment]
3366	NCT04348695	[treatment]
3367	NCT04485130	[treatment]
3368	NCT04452435	[treatment]
3369	NCT04480632	[treatment]
3372	CTRI/2020/05/025022	[treatment]
3373	CTRI/2020/07/026343	[treatment]
3374	NCT03823469	[behavioral,treatment]
3375	NCT04415060	[treatment]
3382	NCT04497649	[treatment]
3384	NCT04452097	[treatment]
3385	NCT04510662	[treatment]
3387	NCT04091893	[behavioral,treatment]
3389	NCT04442178	[treatment]
3390	NCT04446104	[prevention]
3391	NCT04374461	[treatment]
3392	NCT04392388	[prevention]
3396	ISRCTN15254871	[treatment]
3397	ChiCTR2000030028	[treatment]
3399	NCT04359875	[behavioral]
3400	NCT04324489	[treatment]
3401	NCT04511962	[treatment]
3403	CTRI/2020/05/025488	[treatment]
3404	ChiCTR2000029769	[treatment]
3407	NCT04328012	[treatment]
3408	NCT04468139	[treatment]
3409	EUCTR2020-001784-88-FI	[treatment]
3410	NCT03728257	[behavioral,treatment]
3411	NCT04351347	[treatment]
3417	NCT04382053	[treatment]
3418	NCT04459455	[behavioral,treatment]
3420	NCT04366141	[prevention]
3422	NCT04455958	[treatment]
3423	IRCT20180610040049N4	[treatment]
3425	NCT04409262	[treatment]
3426	NCT04359862	[treatment]
3431	NCT04390061	[treatment]
3433	EUCTR2020-001194-69-ES	[treatment]
3435	NCT04325893	[treatment]
3436	NCT04435587	[treatment]
3440	NCT04420260	[prevention]
3441	NCT04292899	[treatment]
3442	NCT04487886	[treatment]
3443	NCT04463264	[treatment]
3444	CTRI/2020/06/026231	[treatment]
3446	NCT04318431	[diagnosis]
3448	NCT04510402	[treatment]
3449	NCT04492891	[treatment]
3450	NCT04497948	[treatment]
3453	CTRI/2020/05/024967	[treatment]
3455	NCT04440007	[treatment]
3456	NCT04470739	[diagnosis]
3458	ChiCTR2000030518	[treatment]
3463	NCT04375202	[treatment]
3468	NCT04453566	[behavioral]
3472	NCT04425772	[treatment]
3474	ChiCTR2000032399	[treatment]
3476	NCT04359810	[treatment]
3477	NCT04365972	[behavioral,treatment]
3479	NCT04369274	[treatment]
3480	NCT04261517	[treatment]
3482	NCT04364009	[treatment]
3483	NCT04401475	[treatment]
3484	ChiCTR2000029756	[treatment]
3486	NCT04479202	[treatment]
3487	ChiCTR2000030325	[behavioral]
3491	NCT04497636	[behavioral]
3496	NCT04389385	[treatment]
3497	EUCTR2020-001597-30-GB	[treatment]
3500	NCT04461379	[prevention]
3501	NCT04391140	[treatment]
3504	EUCTR2020-001602-34-FR	[treatment]
3507	IRCT20200416047104N1	[treatment]
3508	CTRI/2020/05/025335	[treatment]
3513	NCT04432103	[treatment]
3514	NCT04398004	[prevention]
3518	NCT04497519	[treatment]
3519	EUCTR2020-001500-41-BE	[treatment]
3520	NCT04365257	[behavioral,treatment]
3524	CTRI/2020/05/025114	[treatment]
3526	NCT04346446	[treatment]
3528	NCT04395807	[treatment]
3530	ChiCTR2000030113	[treatment]
3537	NCT04388527	[treatment]
3541	NCT04393311	[treatment]
3542	NCT04306393	[treatment]
3543	NCT04365348	[behavioral]
3545	NCT04379661	[behavioral,treatment]
3547	NCT04510519	[behavioral]
3548	NCT03724045	[prevention]
3549	IRCT20200408046987N1	[treatment]
3550	NCT04333251	[treatment]
3551	NCT04390191	[treatment]
3554	NCT04473599	[behavioral,prevention]
3560	NCT04342156	[prevention]
3562	NCT04410510	[treatment]
3564	CTRI/2020/04/024833	[treatment]
3565	EUCTR2020-002233-15-DE	[treatment]
3566	NCT04313023	[prevention]
3568	CTRI/2020/06/025849	[treatment]
3570	NCT04397718	[treatment]
3572	NCT04355767	[treatment]
3574	NCT04280224	[treatment]
3575	EUCTR2020-001870-32-HU	[treatment]
3576	RBR-8969zg	[treatment]
3579	NCT04423614	[prevention,treatment]
3580	NCT04494724	[behavioral,treatment]
3582	NCT04381052	[treatment]
3583	NCT04412343	[behavioral,prevention]
3584	ChiCTR2000030944	[treatment]
3585	IRCT20080901001165N58	[treatment]
3592	NCT04359654	[treatment]
3594	NCT04474483	[treatment]
3600	EUCTR2020-002120-37-GB	[treatment]
3601	NCT04275245	[treatment]
3602	EUCTR2020-001370-30-DE	[treatment]
3603	ChiCTR2000030703	[treatment]
3604	EUCTR2020-001406-27-FR	[treatment]
3605	CTRI/2020/06/025855	[treatment]
3607	NCT04348305	[treatment]
3610	NCT04409197	[behavioral]
3611	NCT04323332	[treatment]
3613	NCT02875301	[behavioral]
3616	NCT04382924	[treatment]
3617	NCT04385836	[treatment]
3618	ChiCTR2000029935	[treatment]
3619	IRCT20151228025732N52	[treatment]
3620	NCT04338958	[treatment]
3622	ChiCTR2000030701	[treatment]
3624	JPRN-jRCTs061200002	[treatment]
3625	NCT04055376	[treatment]
3629	NCT04339426	[treatment]
3632	ChiCTR2000029991	[treatment]
3633	NCT04358211	[treatment]
3634	NCT04374097	[behavioral]
3635	NCT04339842	[behavioral]
3638	NCT04355429	[treatment]
3639	NCT04424056	[treatment]
3645	PER-016-20	[treatment]
3646	ChiCTR2000032459	[prevention,treatment]
3649	NCT04389944	[treatment]
3652	NCT04367545	[diagnosis]
3653	NCT04409873	[treatment]
3654	ChiCTR2000029760	[treatment]
3655	NCT03376854	[treatment]
3656	NCT04392869	[behavioral,treatment]
3657	EUCTR2020-001307-16-ES	[treatment]
3658	ChiCTR2000030002	[treatment]
3660	NCT04322565	[treatment]
3661	NCT04361448	[diagnosis]
3664	NCT04480333	[treatment]
3665	ChiCTR2000030031	[treatment]
3666	NCT04353206	[treatment]
3667	NCT04472611	[treatment]
3668	NCT04460443	[treatment]
3669	NCT04288102	[treatment]
3672	NCT04363060	[treatment]
3676	NCT04329572	[treatment]
3677	NCT04255017	[treatment]
3678	ChiCTR2000029624	[treatment]
3679	IRCT20200506047323N1	[treatment]
3681	NCT04358809	[treatment]
3684	IRCT20081027001411N3	[treatment]
3685	NCT03821402	[treatment]
3686	ChiCTR2000029518	[treatment]
3687	CTRI/2020/07/026463	[treatment]
3693	NCT04358614	[treatment]
3694	NCT04317092	[treatment]
3696	NCT04352400	[treatment]
3697	IRCT20110726007117N11	[treatment]
3698	DRKS00021626	[treatment]
3700	ChiCTR2000030261	[treatment]
3701	JPRN-jRCTs031190227	[treatment]
3702	CTRI/2020/06/025856	[treatment]
3703	DRKS00021301	[behavioral]
3704	NCT04400032	[treatment]
3705	IRCT20200411047025N1	[treatment]
3706	IRCT20151226025699N3	[treatment]
3707	NCT04328493	[treatment]
3710	CTRI/2020/05/025067	[prevention]
3711	NCT04488471	[behavioral]
3714	NCT04286503	[treatment]
3716	ChiCTR2000032135	[treatment]
3717	NCT03105102	[treatment]
3718	NCT04410328	[treatment]
3721	ChiCTR2000029989	[treatment]
3723	NCT04487990	[treatment]
3724	NCT04367870	[diagnosis]
3726	NCT04365439	[treatment]
3727	NCT04354805	[treatment]
3729	CTRI/2020/05/025496	[treatment]
3730	EUCTR2020-001841-38-ES	[treatment]
3731	NCT04482673	[prevention]
3732	NCT04490278	[treatment]
3733	IRCT20180519039711N6	[treatment]
3735	NCT04323345	[treatment]
3736	NCT04252118	[treatment]
3737	NCT04327388	[treatment]
3739	NCT04358926	[treatment]
3740	NCT04420390	[treatment]
3742	ChiCTR2000030163	[treatment]
3743	ChiCTR2000029435	[treatment]
3747	ChiCTR2000030479	[treatment]
3748	EUCTR2020-001023-14-GB	[treatment]
3753	NCT04465435	[behavioral]
3754	NCT04398290	[treatment]
3757	EUCTR2020-001497-30-GB	[treatment]
3758	NCT04354259	[treatment]
3761	ChiCTR2000030007	[treatment]
3764	CTRI/2020/06/026191	[treatment]
3765	NCT04350710	[behavioral]
3767	NCT04517396	[treatment]
3772	ACTRN12620000634976	[behavioral]
3773	NCT04322396	[treatment]
3774	NCT04413747	[behavioral,treatment]
3776	ChiCTR2000030929	[treatment]
3778	NCT04375046	[treatment]
3779	NCT04405076	[prevention,treatment]
3785	ChiCTR2000030947	[treatment]
3789	IRCT20200413047063N1	[treatment]
3791	NCT04452812	[treatment]
3792	NCT04445389	[prevention]
3795	NCT04487483	[behavioral,treatment]
3796	NCT04358835	[treatment]
3797	CTRI/2020/05/025320	[treatment]
3799	NCT04500366	[prevention]
3801	ChiCTR2000030088	[treatment]
3803	NCT04357366	[prevention]
3804	NCT04341675	[treatment]
3805	NCT04380519	[treatment]
3806	NCT04482023	[behavioral]
3808	CTRI/2020/04/024858	[treatment]
3809	ChiCTR2000031138	[treatment]
3811	NCT04343053	[diagnosis]
3821	EUCTR2020-001321-31-ES	[treatment]
3822	NCT04370782	[treatment]
3825	NCT04431856	[behavioral,prevention]
3826	NCT04278963	[treatment]
3827	NCT04453371	[behavioral,treatment]
3828	EUCTR2020-001634-36-ES	[treatment]
3830	NCT04432805	[diagnosis]
3835	NCT04444713	[behavioral]
3836	IRCT20200406046968N2	[treatment]
3837	NCT04490824	[treatment]
3839	EUCTR2020-001783-28-HU	[prevention]
3840	NCT04502433	[treatment]
3841	IRCT20200325046859N2	[treatment]
3843	NCT04463628	[behavioral]
3846	JPRN-jRCTs041190120	[treatment]
3849	NCT04356885	[behavioral]
3851	NCT04273581	[treatment]
3852	ChiCTR2000030468	[treatment]
3853	NCT04348864	[diagnosis]
3856	EUCTR2020-001704-42-ES	[treatment]
3858	NCT04325906	[treatment]
3859	PACTR202007611764617	[treatment]
3860	NCT04473170	[treatment]
3862	ChiCTR2000031944	[treatment]
3863	NCT04395755	[behavioral]
3864	NCT04429529	[treatment]
3865	NCT04472572	[treatment]
3866	NCT04345848	[treatment]
3868	NCT04397328	[prevention]
3872	NCT04359095	[treatment]
3876	NCT04347681	[treatment]
3884	CTRI/2020/06/025957	[treatment]
3888	NCT04495101	[treatment]
3889	ChiCTR2000029817	[treatment]
3890	NCT04359680	[prevention]
3891	EUCTR2020-001618-39-ES	[treatment]
3893	TCTR20200514001	[treatment]
3894	NCT04439006	[treatment]
3895	NCT04337359	[treatment]
3898	ChiCTR2000034076	[treatment]
3899	NCT04330352	[behavioral,treatment]
3900	NCT04355143	[treatment]
3902	NCT04323631	[treatment]
3904	EUCTR2020-001290-74-ES	[treatment]
3905	ISRCTN14241621	[treatment]
3906	EUCTR2020-001709-21-FR	[treatment]
3907	NCT04481516	[behavioral]
3908	NCT04474340	[treatment]
3910	NCT04454307	[treatment]
3911	NCT04416139	[treatment]
3912	NCT04377165	[behavioral,prevention]
3914	ChiCTR2000029776	[treatment]
3919	ChiCTR2000030841	[treatment]
3920	CTRI/2020/07/026462	[treatment]
3921	IRCT20200329046892N1	[treatment]
3922	NCT04516759	[treatment]
3923	EUCTR2020-001546-19-BE	[treatment]
3924	ChiCTR2000031888	[treatment]
3925	NCT04374565	[treatment]
3928	IRCT20150107020592N29	[treatment]
3929	NCT04402944	[treatment]
3931	NCT04404426	[treatment]
3932	IRCT20200330046899N1	[treatment]
3934	NCT04344600	[prevention]
3935	NCT04350086	[treatment]
3936	NCT04497818	[behavioral]
3939	NCT04441996	[treatment]
3940	NCT04326036	[treatment]
3942	NCT04488484	[diagnosis]
3945	ChiCTR2000029990	[treatment]
3948	ISRCTN33578935	[treatment]
3950	ChiCTR2000031432	[treatment]
3951	NCT04373135	[behavioral]
3959	NCT04513184	[treatment]
3960	NCT04397562	[treatment]
3962	NCT04391946	[behavioral]
3963	NCT04369820	[treatment]
3965	NCT04449380	[treatment]
3966	NCT04392427	[treatment]
3968	NCT04371367	[treatment]
3972	NCT04346199	[treatment]
3973	NCT04360122	[prevention]
3974	NCT04370210	[behavioral]
3982	NCT04448119	[prevention]
3983	NCT04441164	[treatment]
3987	NCT04386694	[treatment]
3988	NCT04350671	[treatment]
3989	ChiCTR2000030522	[treatment]
3991	IRCT20151227025726N15	[treatment]
3993	NCT04380935	[treatment]
3994	NCT04346693	[treatment]
3996	ACTRN12620000482965	[behavioral]
3997	ACTRN12620000779976	[behavioral]
3998	NCT04426344	[treatment]
3999	NCT04341285	[treatment]
4000	NCT04344236	[treatment]
4001	NCT04382131	[treatment]
4002	NCT04410354	[treatment]
4006	NCT04492254	[treatment]
4008	NCT04355793	[treatment]
4010	NCT04475913	[treatment]
4011	NCT04348370	[prevention]
4012	NCT04374084	[treatment]
4015	EUCTR2020-001408-41-DE	[treatment]
4016	NCT04379518	[treatment]
4021	NCT04325061	[treatment]
4023	NCT04344145	[behavioral]
4024	NCT04351763	[treatment]
4025	NCT04363502	[treatment]
4026	ChiCTR2000030300	[treatment]
4027	NCT04383574	[prevention]
4036	ChiCTR2000031196	[treatment]
4037	ChiCTR2000029822	[treatment]
4038	EUCTR2020-001264-28-HU	[treatment]
4041	NCT04402060	[treatment]
4042	NCT04445194	[prevention]
4043	NCT04363385	[prevention]
4044	NCT04345861	[treatment]
4046	NCT04345653	[prevention]
4047	CTRI/2020/05/025166	[treatment]
4048	NCT04460183	[treatment]
4049	NCT04351906	[treatment]
4051	NCT04373824	[treatment]
4052	NCT04377100	[behavioral]
4055	NCT04366063	[behavioral,treatment]
4056	ChiCTR2000029974	[treatment]
4057	NCT04427631	[treatment]
4058	NCT04383613	[treatment]
4059	NCT04443361	[behavioral]
4060	NCT04385810	[prevention]
4063	NCT04476914	[behavioral]
4065	ChiCTR2000029605	[treatment]
4068	ACTRN12620000454976	[treatment]
4070	NCT04492527	[behavioral,prevention]
4071	EUCTR2020-001440-26-ES	[prevention,treatment]
4072	NCT04460105	[treatment]
4073	NCT04473456	[diagnosis]
4074	NCT04389372	[behavioral,treatment]
4075	NCT04513470	[treatment]
4077	NCT04427098	[treatment]
4078	NCT04303299	[treatment]
4082	NCT04332991	[treatment]
4084	NCT04344041	[treatment]
4087	NCT04416308	[diagnosis]
4090	NCT04375774	[prevention]
4092	NCT04500418	[treatment]
4093	IRCT20170207032444N3	[treatment]
4094	ChiCTR2000029812	[treatment]
4096	NCT04338906	[treatment]
4097	NCT04312243	[prevention]
4099	NCT04384380	[treatment]
4101	NCT04356508	[treatment]
4103	NCT04304313	[treatment]
4104	NCT04374552	[treatment]
4105	NCT03827057	[behavioral,treatment]
4106	NCT04411667	[treatment]
4111	IRCT20200525047562N1	[treatment]
4112	NCT04329533	[treatment]
4114	CTRI/2020/06/025556	[treatment]
4117	NCT04506632	[behavioral]
4118	NCT04355897	[treatment]
4119	NCT04489446	[treatment]
4120	NCT04456153	[treatment]
4121	NCT04352465	[treatment]
4122	NCT04509999	[treatment]
4124	NCT04327531	[behavioral]
4125	NCT04332094	[treatment]
4128	ChiCTR2000030055	[treatment]
4129	NCT04351490	[treatment]
4132	NCT04276896	[treatment]
4133	NCT04423289	[treatment]
4135	NCT04412486	[treatment]
4139	CTRI/2020/06/026221	[treatment]
4140	IRCT20200422047168N2	[treatment]
4141	EUCTR2020-001395-15-DK	[treatment]
4142	NCT04422977	[diagnosis]
4143	EUCTR2020-001224-33-DE	[treatment]
4146	CTRI/2020/04/024806	[treatment]
4148	ChiCTR2000029544	[treatment]
4149	ACTRN12620000557932	[treatment]
4150	CTRI/2020/06/025671	[treatment]
4151	NCT04443673	[treatment]
4160	IRCT20140528017891N8	[treatment]
4161	NCT04352517	[behavioral]
4163	NCT04393792	[treatment]
4164	NCT04180709	[treatment]
4167	EUCTR2020-001684-89-GB	[treatment]
4173	NCT04445246	[treatment]
4174	NCT04512027	[treatment]
4175	NCT04381377	[treatment]
4178	EUCTR2020-001707-16-ES	[treatment]
4180	EUCTR2020-001889-10-GB	[treatment]
4181	NCT04455243	[treatment]
4185	NCT04438694	[treatment]
4187	EUCTR2020-001849-39-SE	[treatment]
4188	EUCTR2020-001807-18-GB	[treatment]
4192	NCT04338347	[treatment]
4193	ChiCTR2000030478	[treatment]
4196	NCT04387253	[diagnosis]
4199	NL8504	[treatment]
4202	IRCT20090609002017N35	[treatment]
4203	NCT04392232	[treatment]
4204	IRCT20160316027081N1	[treatment]
4207	NCT04350684	[treatment]
4209	NCT04332081	[treatment]
4211	NCT04393038	[treatment]
4216	ChiCTR2000029837	[treatment]
4219	ChiCTR2000030329	[treatment]
4221	NCT04490239	[prevention]
4222	EUCTR2020-001854-23-IT	[treatment]
4223	NCT04392713	[treatment]
4226	CTRI/2020/06/025766	[treatment]
4228	ChiCTR2000030090	[treatment]
4229	NCT04352946	[prevention]
4232	NCT04477083	[treatment]
4234	NCT04392414	[treatment]
4237	IRCT20200217046526N2	[treatment]
4239	NCT04417257	[treatment]
4240	NCT04493294	[treatment]
4241	NCT04405921	[treatment]
4242	NCT04412668	[behavioral,treatment]
4243	ChiCTR2000030170	[treatment]
4246	NCT04345276	[treatment]
4247	NCT04388410	[treatment]
4248	NCT04466683	[treatment]
4249	NCT04422457	[diagnosis]
4252	NCT04339816	[treatment]
4253	NCT04414293	[treatment]
4255	EUCTR2020-001264-28-DE	[treatment]
4256	CTRI/2020/05/025156	[treatment]
4259	NCT04376034	[treatment]
4261	IRCT20200217046526N1	[treatment]
4263	NCT04231097	[treatment]
4268	NCT04511650	[treatment]
4269	IRCT20200418047121N2	[treatment]
4271	NCT04390477	[treatment]
4272	EUCTR2020-001324-33-FR	[treatment]
4273	IRCT20200404046947N1	[treatment]
4275	NCT04352608	[prevention]
4276	CTRI/2020/05/025337	[treatment]
4277	NCT04357418	[behavioral]
4281	NCT04372186	[treatment]
4282	NCT04336787	[behavioral]
4285	CTRI/2020/07/026433	[treatment]
4286	NCT04328272	[treatment]
4287	NCT04352933	[prevention]
4290	EUCTR2020-001385-11-ES	[prevention]
4292	NCT04292730	[treatment]
4296	NCT04326790	[treatment]
4297	ChiCTR2000031533	[behavioral]
4300	NCT04445623	[treatment]
4303	NCT04332042	[treatment]
4304	NCT04344834	[behavioral]
4307	NCT04442386	[behavioral]
4308	NCT04144231	[behavioral,treatment]
4309	NCT04482712	[treatment]
4310	NCT04472559	[behavioral,treatment]
4312	EUCTR2020-001228-32-GB	[treatment]
4315	NCT04473248	[diagnosis]
4318	NCT04402918	[diagnosis]
4319	NCT04464408	[treatment]
4324	EUCTR2020-002123-11-ES	[treatment]
4326	NCT04405999	[prevention]
4327	NCT04346797	[treatment]
4328	NCT04445454	[treatment]
4329	NCT04420273	[prevention]
4330	NCT04378803	[behavioral,treatment]
4334	EUCTR2020-001644-25-DE	[treatment]
4335	NCT04334044	[treatment]
4336	NCT04310228	[treatment]
4337	ACTRN12620000676910	[treatment]
4338	NCT04347980	[behavioral,treatment]
4340	NCT04515771	[treatment]
4342	NCT04384471	[behavioral]
4343	NCT04394442	[treatment]
4344	NCT04468958	[treatment]
4345	NCT04338828	[treatment]
4347	NCT04331613	[treatment]
4348	EUCTR2020-001754-21-FR	[treatment]
4353	NCT04501796	[treatment]
4354	NCT04335123	[treatment]
4356	EUCTR2020-001722-66-ES	[treatment]
4357	NCT04358406	[treatment]
4358	NCT04361214	[treatment]
4360	NCT04452643	[prevention]
4363	NCT04375735	[treatment]
4364	NCT04334460	[treatment]
4365	NCT04370288	[treatment]
4366	NCT04480138	[treatment]
4367	ChiCTR2000030864	[treatment]
4368	NCT04355754	[treatment]
4372	EUCTR2020-002713-17-ES	[treatment]
4373	NCT04442243	[behavioral]
4376	NCT03348670	[treatment]
4377	CTRI/2020/06/025760	[treatment]
4379	EUCTR2020-002287-31-ES	[treatment]
4381	NCT04366180	[prevention]
4383	NCT04498819	[behavioral]
4385	CTRI/2020/06/026123	[treatment]
4386	EUCTR2020-001527-14-NL	[treatment]
4390	NCT04351191	[treatment]
4391	ChiCTR2000030093	[behavioral]
4394	EUCTR2020-002027-10-SE	[treatment]
4395	IRCT20081011001323N25	[treatment]
4396	NCT04365153	[treatment]
4398	NCT04261426	[treatment]
4400	CTRI/2020/05/025205	[treatment]
4401	IRCT20151227025726N13	[treatment]
4402	ACTRN12620000612910	[treatment]
4403	NCT04405843	[treatment]
4407	NCT04433260	[behavioral]
4408	NCT04386876	[treatment]
4410	NCT04402034	[behavioral,treatment]
4416	NCT04502069	[treatment]
4417	NCT04408456	[prevention]
4418	NCT04396314	[behavioral,treatment]
4421	NCT04495816	[treatment]
4425	ChiCTR2000030835	[treatment]
4426	EUCTR2020-001971-33-ES	[treatment]
4428	NCT04331106	[behavioral]
4430	NCT04320277	[treatment]
4432	ChiCTR2000029896	[treatment]
4433	ChiCTR2000029542	[treatment]
4438	NCT04394208	[treatment]
4440	IRCT20200413047053N1	[treatment]
4443	NCT04299152	[treatment]
4444	NCT04393948	[treatment]
4447	NCT04403685	[treatment]
4448	NCT04298060	[treatment]
4449	NCT04425538	[treatment]
4450	ISRCTN99916292	[treatment]
4451	NCT04329897	[behavioral,treatment]
4453	NCT04342650	[treatment]
4454	ChiCTR2000030259	[treatment]
4455	NCT04336774	[diagnosis]
4456	NCT04385186	[treatment]
4457	IRCT20171213037866N2	[treatment]
4459	EUCTR2020-002091-12-BG	[treatment]
4460	ChiCTR2000030315	[treatment]
4462	NCT04395300	[behavioral]
4464	NCT04401410	[treatment]
4465	ChiCTR2000029868	[treatment]
4466	NCT04423861	[treatment]
4472	NCT04478851	[behavioral,treatment]
4473	NCT04461353	[treatment]
4474	NCT04345523	[treatment]
4476	NCT04449965	[treatment]
4477	NCT04394182	[behavioral,treatment]
4478	EUCTR2020-001411-25-AT	[treatment]
4479	IRCT20200509047360N1	[behavioral]
4480	ChiCTR2000035046	[treatment]
4481	NCT04344548	[treatment]
4483	NCT04252274	[treatment]
4484	NCT04483271	[prevention]
4488	NCT04326114	[prevention]
4493	NCT04366089	[treatment]
4494	NCT04373200	[behavioral]
4495	NCT03648372	[treatment]
4496	NCT04401202	[treatment]
4498	NCT04363840	[treatment]
4499	EUCTR2020-001266-11-ES	[treatment]
4503	ChiCTR2000030173	[treatment]
4506	NCT04273763	[treatment]
4509	NCT04343729	[treatment]
4510	NCT04136340	[treatment]
4511	ChiCTR2000032205	[treatment]
4512	NCT04507256	[treatment]
4514	ChiCTR2000029993	[treatment]
4516	NCT04511819	[treatment]
4517	NCT04341389	[prevention,treatment]
4518	EUCTR2020-002032-69-ES	[treatment]
4520	ChiCTR2000031204	[treatment]
4521	NCT04343092	[treatment]
4522	NCT04372979	[treatment]
4525	NCT04377412	[behavioral]
4526	NCT04475302	[prevention]
4530	NCT04347174	[treatment]
4532	NCT04460690	[diagnosis]
4533	NCT04482621	[treatment]
4538	NCT04468009	[treatment]
4540	EUCTR2019-002688-89-ES	[treatment]
4541	IRCT20200426047206N2	[treatment]
4545	NCT04399681	[diagnosis]
4546	NCT04515147	[prevention,treatment]
4547	NCT04381000	[treatment]
4548	NCT04475718	[behavioral,treatment]
4549	NCT04462627	[prevention]
4550	NCT04413006	[behavioral,treatment]
4551	NCT04412330	[treatment]
4552	NCT04435080	[behavioral]
4554	EUCTR2020-001270-29-GB	[treatment]
4556	EUCTR2020-001605-23-ES	[treatment]
4558	NCT04476992	[treatment]
4559	NCT04447404	[treatment]
4560	NCT04374526	[prevention]
4561	NCT04338568	[diagnosis]
4562	NCT04321174	[prevention]
4564	EUCTR2020-001700-42-FR	[treatment]
4565	NCT04356833	[treatment]
4566	NCT04514302	[treatment]
4568	NCT04476888	[treatment]
4569	NCT04326426	[treatment]
4570	IRCT20180610040049N3	[treatment]
4571	NCT04357769	[behavioral]
4572	NCT04356690	[treatment]
4574	NCT04425460	[treatment]
4575	NL8633	[treatment]
4576	NCT04361643	[treatment]
4578	NCT04387409	[prevention]
4579	NCT04409509	[treatment]
4580	NCT04409327	[prevention]
4582	NCT04336462	[treatment]
4585	NCT04348227	[behavioral]
4586	NCT04485169	[treatment]
4587	CTRI/2020/05/025013	[treatment]
4589	JPRN-UMIN000040479	[treatment]
4590	ChiCTR2000030481	[treatment]
4591	NCT04445324	[treatment]
4593	EUCTR2020-001413-20-ES	[treatment]
4594	NCT04456439	[treatment]
4595	NCT04315896	[treatment]
4596	IRCT20120826010664N6	[treatment]
4598	NCT04380909	[behavioral,treatment]
4599	EUCTR2020-001598-66-FR	[treatment]
4605	NCT04418505	[treatment]
4606	ChiCTR2000029778	[treatment]
4609	NCT04409743	[behavioral,prevention]
4610	NCT04455360	[treatment]
4612	NCT04479540	[behavioral,diagnosis]
4614	NCT04517162	[treatment]
4616	NCT04371601	[treatment]
4618	NCT04360850	[behavioral]
4620	NCT04377737	[diagnosis]
4625	NCT04444700	[treatment]
4626	NCT04486144	[treatment]
4627	EUCTR2020-001417-21-BE	[treatment]
4628	NCT04505098	[treatment]
4629	EUCTR2020-000890-25-FR	[treatment]
4630	ChiCTR2000029988	[treatment]
4631	EUCTR2020-001262-11-ES	[treatment]
4632	ChiCTR2000030224	[treatment]
4633	IRCT20200510047385N1	[treatment]
4634	EUCTR2020-001411-25-GB	[treatment]
4635	NCT04444557	[behavioral]
4636	NCT04475185	[treatment]
4642	EUCTR2020-001335-28-NL	[treatment]
4643	NCT04357028	[prevention,treatment]
4644	CTRI/2020/06/025804	[treatment]
4645	NCT04299724	[treatment]
4648	NCT04324463	[treatment]
4649	ChiCTR2000034112	[prevention,treatment]
4650	NCT04433546	[behavioral,treatment]
4652	NCT04477642	[treatment]
4654	NCT04504877	[treatment]
4655	NCT04400019	[prevention]
4656	NCT04374539	[treatment]
4657	NCT04348409	[treatment]
4658	EUCTR2020-001449-38-GB	[treatment]
4659	NCT04383002	[treatment]
4660	NCT04459520	[behavioral]
4661	NCT04470531	[treatment]
4667	NCT04408040	[treatment]
4668	NCT04425252	[treatment]
4676	ChiCTR2000030041	[treatment]
4681	NCT04303507	[prevention]
4683	NCT04397822	[behavioral]
4684	EUCTR2020-001750-22-GB	[treatment]
4689	ACTRN12620000524998	[treatment]
4692	NCT04344535	[treatment]
4693	NCT04342221	[treatment]
4695	NCT04334005	[treatment]
4696	NCT04378738	[behavioral]
4697	NCT04476745	[prevention]
4698	ChiCTR2000029814	[treatment]
4700	NCT04501952	[treatment]
4701	NCT04431323	[behavioral,treatment]
4703	ChiCTR2000029816	[treatment]
4704	EUCTR2020-001156-18-ES	[treatment]
4705	CTRI/2020/05/025299	[treatment]
4707	ChiCTR2000030937	[treatment]
4710	NCT04386070	[prevention]
4711	NCT04457388	[treatment]
4712	NCT04517136	[behavioral]
4713	NCT04492514	[treatment]
4715	NCT04401644	[diagnosis]
4718	NCT04432038	[behavioral]
4720	NCT04408157	[behavioral,treatment]
4721	NCT04394013	[behavioral,treatment]
4722	NCT04412252	[treatment]
4723	NCT04492501	[treatment]
4724	NCT04429854	[treatment]
4725	NCT04328480	[treatment]
4728	NCT04514627	[treatment]
4729	IRCT20200316046792N1	[treatment]
4730	ChiCTR2000029978	[treatment]
4731	ChiCTR2000029939	[treatment]
4732	NCT04397757	[treatment]
4734	NCT04383730	[behavioral]
4739	NCT04428073	[treatment]
4741	CTRI/2020/04/024749	[treatment]
4742	EUCTR2020-001072-15-GB	[treatment]
4744	NCT04392141	[treatment]
4745	NCT04378530	[behavioral]
4746	EUCTR2020-001345-38-GR	[treatment]
4749	CTRI/2020/06/025977	[treatment]
4753	IRCT20120703010178N20	[treatment]
4754	IRCT20200508047345N1	[treatment]
4755	ChiCTR2000029777	[treatment]
4756	NCT04369794	[treatment]
4759	NCT04402866	[treatment]
4761	EUCTR2020-000936-23-FR	[treatment]
4765	NCT04402970	[treatment]
4767	CTRI/2020/07/026471	[treatment]
4768	IRCT20200405046953N1	[treatment]
4769	NCT04433013	[treatment]
4770	NCT04508985	[treatment]
4772	NCT04412395	[behavioral,treatment]
4773	NCT04475588	[treatment]
4774	NCT04353271	[treatment]
4777	NCT04365582	[treatment]
4780	NCT04438057	[treatment]
4782	RPCEC00000320	[treatment]
4784	ChiCTR2000030328	[treatment]
4785	NCT04386291	[behavioral,treatment]
4786	IRCT20190727044343N2	[treatment]
4787	NCT04412057	[treatment]
4788	NCT04421690	[behavioral,treatment]
4791	NCT04479358	[treatment]
4792	ChiCTR2000033057	[treatment]
4793	ChiCTR2000029517	[treatment]
4794	ChiCTR2000030922	[treatment]
4795	NCT04318444	[prevention]
4799	NCT04437875	[prevention,treatment]
4800	NCT04366323	[treatment]
4801	CTRI/2020/04/024659	[treatment]
4804	CTRI/2020/06/025558	[treatment]
4807	CTRI/2020/04/024915	[treatment]
4809	EUCTR2020-001565-37-ES	[prevention]
4814	NCT04439825	[treatment]
4815	NCT04388514	[treatment]
4816	CTRI/2020/05/025271	[treatment]
4817	NCT04409483	[treatment]
4820	IRCT20140907019073N4	[treatment]
4823	NCT04305106	[treatment]
4826	NCT04328441	[prevention]
4827	ChiCTR2000030196	[treatment]
4828	EUCTR2020-001953-36-ES	[treatment]
4830	CTRI/2020/06/026189	[treatment]
4831	ChiCTR2000030989	[treatment]
4832	NCT04407533	[behavioral]
4834	NCT04417335	[prevention]
4835	NCT04412226	[prevention]
4836	NCT04418531	[treatment]
4837	ChiCTR2000030477	[treatment]
4838	NCT04389671	[treatment]
4839	NL8577	[treatment]
4843	NCT04463602	[treatment]
4852	NCT04362332	[treatment]
4853	NCT04497389	[treatment]
4854	JPRN-UMIN000040188	[treatment]
4859	NCT04366115	[treatment]
4860	NCT04261270	[treatment]
4861	NCT04363372	[treatment]
4868	ChiCTR2000029867	[treatment]
4869	CTRI/2020/06/025530	[treatment]
4871	IRCT20150808023559N21	[treatment]
4873	NCT04341142	[diagnosis]
4876	NCT04490850	[prevention]
4879	IRCT20130812014333N147	[treatment]
4881	ChiCTR2000029992	[treatment]
4884	NCT04316728	[diagnosis]
4885	NCT04368637	[behavioral]
4886	EUCTR2020-001421-31-ES	[treatment]
4887	NCT04448704	[behavioral]
4889	NCT04283825	[behavioral,treatment]
4891	NCT04468893	[behavioral,treatment]
4892	IRCT20100228003449N30	[treatment]
4893	ChiCTR2000030389	[treatment]
4894	NCT04351516	[treatment]
4895	NCT04508868	[behavioral,treatment]
4896	NCT04427501	[treatment]
4897	NCT03716869	[behavioral]
4898	NCT03852537	[treatment]
4899	NCT04346420	[treatment]
4900	ChiCTR2000031319	[treatment]
4902	ChiCTR2000029496	[treatment]
4904	NCT04433078	[treatment]
4905	NCT04377789	[prevention]
4906	NCT04324021	[treatment]
4914	EUCTR2020-001734-36-FR	[treatment]
4916	ACTRN12620000788976	[treatment]
4918	NCT04487964	[prevention]
4919	EUCTR2020-001481-11-DE	[treatment]
4921	NCT04511780	[behavioral]
4922	CTRI/2020/06/025799	[treatment]
4929	NCT04401098	[behavioral]
4932	NCT04442230	[treatment]
4936	NCT04372602	[treatment]
4938	NCT04389996	[behavioral]
4943	NCT04372082	[treatment]
4944	NCT04443725	[treatment]
4946	NCT04334512	[treatment]
4949	IRCT20200506047323N2	[treatment]
4950	NCT04488081	[treatment]
4952	NCT04362124	[treatment]
4953	NCT04362189	[treatment]
4954	NCT04489628	[treatment]
4957	IRCT20200404046933N1	[treatment]
4958	NCT04447690	[behavioral]
4959	NCT04341493	[treatment]
4960	NL8490	[treatment]
4962	NCT04497324	[treatment]
4964	ChiCTR2000029609	[treatment]
4969	NCT04363203	[treatment]
4973	NCT04407117	[behavioral]
4974	NCT04447534	[treatment]
4975	NCT04390464	[treatment]
4976	NCT04361461	[treatment]
4978	IRCT20100228003449N29	[treatment]
4979	NCT03474965	[treatment]
4981	NCT04416360	[behavioral]
4982	NCT04412538	[prevention]
4983	NCT04377308	[treatment]
4984	ChiCTR2000032400	[treatment]
4985	CTRI/2020/06/026161	[treatment]
4987	CTRI/2020/06/025796	[treatment]
4988	NCT04422522	[behavioral]
4990	IRCT20200523047550N1	[treatment]
4992	CTRI/2020/04/024804	[treatment]
4994	NCT04422561	[prevention]
4998	NCT04361318	[treatment]
5002	JPRN-jRCTs031190269	[treatment]
5003	IRCT20200415047092N1	[treatment]
5006	CTRI/2020/06/026232	[treatment]
5007	NCT04362358	[behavioral,prevention]
5010	NCT04377581	[behavioral]
5012	NCT04376840	[diagnosis]
5014	PACTR202006537901307	[treatment]
5016	NCT04498273	[prevention]
5017	NCT04348877	[treatment]
5020	NCT04372589	[treatment]
5024	NCT04389840	[treatment]
5027	NCT04358003	[treatment]
5028	NCT04451291	[treatment]
5030	NCT04333407	[treatment]
5031	NCT03680274	[treatment]
5034	ChiCTR2000032242	[treatment]
5035	NCT04467151	[treatment]
5036	NCT04425317	[diagnosis]
5038	ChiCTR2000029768	[treatment]
5039	NCT04486313	[treatment]
5040	NCT04382755	[behavioral,treatment]
5041	ChiCTR2000029418	[treatment]
5047	NCT03042143	[behavioral,treatment]
5048	CTRI/2020/06/026087	[treatment]
5049	NCT04473261	[treatment]
5052	NCT04397796	[behavioral,treatment]
5056	NCT04320615	[treatment]
5057	NCT04335201	[treatment]
5058	NCT04337918	[prevention]
5061	NCT04498442	[behavioral]
5063	NCT04409821	[behavioral,treatment]
5064	NCT04464486	[treatment]
5066	NCT04361253	[treatment]
5068	CTRI/2020/04/024846	[treatment]
5069	NCT04287686	[treatment]
5070	ChiCTR2000029548	[treatment]
5071	NCT04315480	[treatment]
5074	NCT04357340	[treatment]
5075	NCT04341870	[treatment]
5076	ChiCTR2000029433	[treatment]
5077	NCT04407208	[treatment]
5078	NCT04452669	[treatment]
5079	ChiCTR2000033050	[treatment]
5080	NCT04395105	[treatment]
5083	NCT04393818	[behavioral,treatment]
5086	NCT04409834	[prevention]
5088	ChiCTR2000029855	[treatment]
5089	NCT04341688	[treatment]
5090	ChiCTR2000030162	[treatment]
5091	NCT04371393	[treatment]
5092	ChiCTR2000030702	[treatment]
5093	NCT04382560	[behavioral,treatment]
5095	ChiCTR2000030467	[treatment]
5096	NCT04348513	[treatment]
5097	NCT04445467	[treatment]
5099	NCT04357457	[treatment]
5104	NCT04507867	[treatment]
5109	NCT04379076	[treatment]
5112	NCT04399109	[treatment]
5113	ChiCTR2000030058	[treatment]
5115	NCT02735707	[treatment]
5117	NCT04334629	[treatment]
5122	NCT04387760	[treatment]
5124	NCT04483375	[treatment]
5126	NCT04351243	[treatment]
5127	NCT04384549	[prevention]
5128	IRCT20200408046990N1	[treatment]
5129	CTRI/2020/05/025370	[treatment]
5131	NCT04496245	[prevention]
5132	CTRI/2020/06/026147	[treatment]
5133	NCT04497272	[treatment]
5135	IRCT20140911019125N6	[treatment]
5137	NCT04405570	[treatment]
5139	CTRI/2020/05/024981	[treatment]
5142	NCT04516746	[treatment]
5143	EUCTR2020-002293-28-SE	[treatment]
5147	NCT04461340	[treatment]
5149	ChiCTR2000032573	[treatment]
5150	NCT04355676	[treatment]
5151	NCT04401527	[behavioral,treatment]
5152	NCT04452565	[prevention]
5155	EUCTR2020-001686-36-FR	[treatment]
5157	NCT04398472	[behavioral,treatment]
5161	NCT04434131	[prevention]
5163	NCT04400682	[treatment]
5164	ChiCTR2000030102	[treatment]
5167	NCT04425616	[diagnosis,treatment]
5168	NCT04341207	[treatment]
5169	NCT04305457	[treatment]
5170	NCT04367922	[behavioral,treatment]
5171	CTRI/2020/07/026355	[treatment]
5173	NCT04415086	[treatment]
5174	NCT04357041	[behavioral]
5175	NCT04481685	[treatment]
5177	NCT04333355	[treatment]
5178	NCT04427865	[prevention]
5179	NCT04335305	[treatment]
5181	ChiCTR2000030700	[treatment]
5183	IRCT20200408046990N2	[treatment]
5185	NCT04497415	[behavioral]
5186	NCT04261907	[treatment]
5187	ISRCTN60069084	[treatment]
5189	NCT04354714	[treatment]
5190	NCT04362059	[treatment]
5193	NCT04353596	[treatment]
5194	NCT04396106	[treatment]
5195	NCT04475484	[behavioral]
5198	NCT04393415	[treatment]
5202	NCT04378452	[behavioral]
5203	NCT04385849	[treatment]
5207	NCT04459286	[treatment]
5208	NCT04444336	[behavioral]
5209	ISRCTN37530113	[treatment]
5210	NCT04348071	[treatment]
5211	NCT04359511	[treatment]
5213	NCT04390516	[diagnosis]
5214	NCT04480424	[treatment]
5219	RPCEC00000310	[treatment]
5221	NCT04471701	[behavioral]
5224	NCT04374370	[treatment]
5225	IRCT20200420047147N1	[treatment]
5228	CTRI/2020/05/025491	[treatment]
5231	NCT04359953	[treatment]
5232	NCT04388683	[treatment]
5233	NCT04445207	[treatment]
5234	NCT04429867	[treatment]
5236	ChiCTR2000029541	[treatment]
5238	NCT04399967	[behavioral]
5240	NCT04435522	[treatment]
5243	CTRI/2020/05/025369	[treatment]
5247	NCT04360356	[treatment]
5249	ACTRN12620000707965	[treatment]
5250	EUCTR2020-001632-10-DE	[treatment]
5251	NCT04371965	[treatment]
5252	NCT04351620	[treatment]
5254	NCT04319445	[behavioral]
5255	NCT04331665	[treatment]
5258	NCT04416113	[treatment]
5259	NCT04409951	[behavioral]
5260	NCT04348435	[prevention,treatment]
5261	NCT04368988	[prevention]
5262	EUCTR2020-000982-18-NO	[treatment]
5263	IRCT20150303021315N19	[treatment]
5265	NCT04497987	[prevention]
5269	IRCT20200413047062N1	[treatment]
5271	NCT04348656	[treatment]
5272	NCT04508023	[treatment]
5273	NCT04475601	[treatment]
5274	NCT04386447	[treatment]
5275	NCT04370262	[treatment]
5280	EUCTR2020-001243-15-BE	[treatment]
5281	NCT04407390	[treatment]
5282	NCT04414371	[behavioral,treatment]
5283	NCT04352985	[treatment]
